Date,Month,Quarter,Year,Investment Category,Investment Type,Region,Revenue,Expenses,Profit,Profit Margin %,Investment Amount,ROI %,Risk Level,Asset Type,Portfolio Value,Budgeted Revenue,Actual Revenue,Variance %,Market Trend Indicator
2023-01-31,Jan,Q1,2023,Commodities,ETFs,Asia-Pacific,120198,68203,51995,0.4326,1745735,0.1705,High,Liquid,2043383,127701,120198,-0.0588,Bullish
2023-02-28,Feb,Q1,2023,Cash,T-Bills,Europe,131821,79755,52066,0.395,678060,0.1074,Medium,Semi-Liquid,750884,129130,131821,0.0208,Bullish
2023-03-31,Mar,Q1,2023,Equity,Mutual Funds,Asia-Pacific,403329,245991,157338,0.3901,1077045,0.1277,Medium,Illiquid,1214584,348450,403329,0.1575,Bearish
2023-04-30,Apr,Q2,2023,Real Estate,REITs,Middle East,484534,384003,100531,0.2075,678766,-0.0207,Medium,Semi-Liquid,664716,511314,484534,-0.0524,Neutral
2023-05-31,May,Q2,2023,Commodities,ETFs,Latin America,225977,136642,89335,0.3953,1535187,0.0775,Medium,Illiquid,1654164,206177,225977,0.096,Bullish
2023-06-30,Jun,Q2,2023,Commodities,Mutual Funds,Middle East,227818,188633,39185,0.172,1481817,0.0469,High,Semi-Liquid,1551314,232633,227818,-0.0207,Bearish
2023-07-31,Jul,Q3,2023,Commodities,ETFs,Middle East,314038,263659,50379,0.1604,1253365,0.0328,Medium,Semi-Liquid,1294475,294845,314038,0.0651,Bearish
2023-08-31,Aug,Q3,2023,Cash,T-Bills,North America,139422,76913,62509,0.4483,1649377,0.0907,Low,Liquid,1798975,149001,139422,-0.0643,Neutral
2023-09-30,Sep,Q3,2023,Equity,Mutual Funds,Middle East,438397,323094,115303,0.263,728706,-0.0714,High,Semi-Liquid,676676,413538,438397,0.0601,Bullish
2023-10-31,Oct,Q4,2023,Cash,T-Bills,Asia-Pacific,262497,153791,108706,0.4141,1455165,0.1782,Medium,Semi-Liquid,1714475,267323,262497,-0.0181,Neutral
2023-11-30,Nov,Q4,2023,Real Estate,REITs,North America,98551,55132,43419,0.4406,1309180,0.0443,Medium,Semi-Liquid,1367177,98804,98551,-0.0026,Bullish
2023-12-31,Dec,Q4,2023,Cash,T-Bills,Middle East,84641,53910,30731,0.3631,406320,0.2289,Medium,Liquid,499327,92465,84641,-0.0846,Bullish
2024-01-31,Jan,Q1,2024,Equity,Stocks,Latin America,195955,114952,81003,0.4134,776966,0.3081,High,Semi-Liquid,1016349,182559,195955,0.0734,Neutral
2024-02-29,Feb,Q1,2024,Real Estate,REITs,North America,124095,88136,35959,0.2898,1021177,0.2116,High,Liquid,1237258,115511,124095,0.0743,Bullish
2024-03-31,Mar,Q1,2024,Real Estate,REITs,North America,483101,302196,180905,0.3745,1044772,0.0403,Medium,Semi-Liquid,1086876,451918,483101,0.069,Neutral
2024-04-30,Apr,Q2,2024,Equity,Mutual Funds,North America,205282,151971,53311,0.2597,1393340,0.1389,High,Semi-Liquid,1586875,202066,205282,0.0159,Bullish
2024-05-31,May,Q2,2024,Commodities,ETFs,Asia-Pacific,215502,159405,56097,0.2603,1303706,0.1107,Medium,Liquid,1448026,189014,215502,0.1401,Neutral
2024-06-30,Jun,Q2,2024,Equity,Stocks,Latin America,196682,121170,75512,0.3839,1451184,0.1929,Medium,Liquid,1731117,187753,196682,0.0476,Neutral
2024-07-31,Jul,Q3,2024,Commodities,ETFs,North America,111884,72984,38900,0.3477,315600,0.2274,Medium,Illiquid,387367,124549,111884,-0.1017,Neutral
2024-08-31,Aug,Q3,2024,Real Estate,REITs,Latin America,167373,142079,25294,0.1511,1934297,0.0758,Low,Liquid,2080917,186586,167373,-0.103,Bearish
2024-09-30,Sep,Q3,2024,Equity,Stocks,Asia-Pacific,232029,189412,42617,0.1837,1716764,0.2307,Medium,Illiquid,2112821,251891,232029,-0.0789,Neutral
2024-10-31,Oct,Q4,2024,Commodities,Mutual Funds,Asia-Pacific,52278,31275,21003,0.4018,1142594,0.1576,Medium,Liquid,1322667,54661,52278,-0.0436,Neutral
2024-11-30,Nov,Q4,2024,Equity,Stocks,Latin America,214911,166180,48731,0.2267,1469786,0.0508,Low,Liquid,1544451,217654,214911,-0.0126,Bullish
2024-12-31,Dec,Q4,2024,Real Estate,REITs,Asia-Pacific,487855,325853,162002,0.3321,1794888,0.1393,Medium,Semi-Liquid,2044916,531003,487855,-0.0813,Bullish
2025-01-31,Jan,Q1,2025,Equity,Mutual Funds,North America,307402,239948,67454,0.2194,182847,0.1195,Low,Liquid,204697,304630,307402,0.0091,Bearish
2025-02-28,Feb,Q1,2025,Cash,T-Bills,Asia-Pacific,242683,203853,38830,0.16,1930878,0.2059,Medium,Liquid,2328446,227718,242683,0.0657,Neutral
2025-03-31,Mar,Q1,2025,Cash,T-Bills,North America,471270,357604,113666,0.2412,1183116,0.0297,Low,Semi-Liquid,1218255,487530,471270,-0.0334,Bearish
2025-04-30,Apr,Q2,2025,Fixed Income,Bonds,Asia-Pacific,363657,276650,87007,0.2393,783033,0.0494,Low,Semi-Liquid,821715,397407,363657,-0.0849,Neutral
2025-05-31,May,Q2,2025,Real Estate,REITs,Europe,52333,38641,13692,0.2616,469121,-0.0681,High,Liquid,437174,50713,52333,0.0319,Bullish
2025-06-30,Jun,Q2,2025,Commodities,ETFs,Latin America,197669,117912,79757,0.4035,1965498,0.2017,Medium,Illiquid,2361939,219041,197669,-0.0976,Neutral
2025-07-31,Jul,Q3,2025,Equity,ETFs,Asia-Pacific,172194,144570,27624,0.1604,968804,0.1042,Low,Liquid,1069753,156406,172194,0.1009,Neutral
2025-08-31,Aug,Q3,2025,Real Estate,REITs,Latin America,195330,154029,41301,0.2114,614581,0.0639,Low,Semi-Liquid,653853,170628,195330,0.1448,Bearish
2025-09-30,Sep,Q3,2025,Cash,T-Bills,Europe,359825,204186,155639,0.4325,1838906,0.0991,High,Illiquid,2021142,331736,359825,0.0847,Bearish
2025-10-31,Oct,Q4,2025,Equity,Stocks,Middle East,299459,219658,79801,0.2665,897240,0.0243,Medium,Liquid,919043,286520,299459,0.0452,Neutral
2025-11-30,Nov,Q4,2025,Cash,T-Bills,North America,190136,160447,29689,0.1561,433128,0.0217,Low,Liquid,442527,205159,190136,-0.0732,Bullish
2025-12-31,Dec,Q4,2025,Cash,T-Bills,Latin America,71627,59790,11837,0.1653,1784693,0.0461,Low,Semi-Liquid,1866967,61212,71627,0.1701,Bearish
2023-01-31,Jan,Q1,2023,Real Estate,REITs,Europe,327133,272557,54576,0.1668,1894078,0.2102,Medium,Liquid,2292213,340520,327133,-0.0393,Neutral
2023-02-28,Feb,Q1,2023,Commodities,Mutual Funds,Latin America,295528,246009,49519,0.1676,833595,0.2384,Medium,Liquid,1032324,331466,295528,-0.1084,Bearish
2023-03-31,Mar,Q1,2023,Commodities,ETFs,Middle East,92499,69828,22671,0.2451,235258,0.0519,Low,Semi-Liquid,247468,102069,92499,-0.0938,Bullish
2023-04-30,Apr,Q2,2023,Fixed Income,T-Bills,Europe,363532,268535,94997,0.2613,1767197,0.0935,Low,Illiquid,1932430,396630,363532,-0.0834,Bullish
2023-05-31,May,Q2,2023,Equity,ETFs,Middle East,235678,155926,79752,0.3384,1575185,0.0534,High,Illiquid,1659300,266134,235678,-0.1144,Neutral
2023-06-30,Jun,Q2,2023,Cash,T-Bills,Latin America,157206,104278,52928,0.3367,1115222,0.099,Medium,Liquid,1225629,152000,157206,0.0343,Neutral
2023-07-31,Jul,Q3,2023,Cash,T-Bills,Asia-Pacific,91079,58818,32261,0.3542,1905118,0.1151,Low,Liquid,2124397,93086,91079,-0.0216,Neutral
2023-08-31,Aug,Q3,2023,Cash,T-Bills,Middle East,145728,121517,24211,0.1661,1584462,0.0313,Low,Liquid,1634056,164568,145728,-0.1145,Bearish
2023-09-30,Sep,Q3,2023,Fixed Income,Bonds,Europe,367624,309023,58601,0.1594,1407257,0.2011,Medium,Illiquid,1690256,408085,367624,-0.0991,Bearish
2023-10-31,Oct,Q4,2023,Cash,T-Bills,Europe,86607,49838,36769,0.4245,1974615,0.0623,Medium,Illiquid,2097634,83246,86607,0.0404,Neutral
2023-11-30,Nov,Q4,2023,Commodities,ETFs,North America,266750,176961,89789,0.3366,1439660,0.0246,Medium,Semi-Liquid,1475076,253166,266750,0.0537,Neutral
2023-12-31,Dec,Q4,2023,Real Estate,REITs,Middle East,103468,60555,42913,0.4147,1333500,0.0946,Low,Semi-Liquid,1459649,106056,103468,-0.0244,Bullish
2024-01-31,Jan,Q1,2024,Equity,Mutual Funds,Latin America,483450,267660,215790,0.4464,1942770,0.0243,Low,Liquid,1989979,540179,483450,-0.105,Bullish
2024-02-29,Feb,Q1,2024,Cash,T-Bills,Asia-Pacific,83946,50356,33590,0.4001,511937,0.0325,High,Illiquid,528575,96433,83946,-0.1295,Neutral
2024-03-31,Mar,Q1,2024,Real Estate,REITs,North America,450619,309439,141180,0.3133,1278252,0.0248,High,Semi-Liquid,1309953,408457,450619,0.1032,Neutral
2024-04-30,Apr,Q2,2024,Fixed Income,T-Bills,Europe,493795,375012,118783,0.2406,1118583,0.051,Low,Liquid,1175631,540280,493795,-0.086,Neutral
2024-05-31,May,Q2,2024,Commodities,Mutual Funds,Middle East,477410,366515,110895,0.2323,1265489,0.0618,Low,Illiquid,1343696,539387,477410,-0.1149,Neutral
2024-06-30,Jun,Q2,2024,Fixed Income,Bonds,Middle East,266167,225067,41100,0.1544,815804,0.095,Low,Liquid,893305,257622,266167,0.0332,Neutral
2024-07-31,Jul,Q3,2024,Real Estate,REITs,Asia-Pacific,236669,149580,87089,0.368,207113,0.2094,Medium,Liquid,250482,258885,236669,-0.0858,Bearish
2024-08-31,Aug,Q3,2024,Cash,T-Bills,Asia-Pacific,390687,259164,131523,0.3366,558061,0.0115,Medium,Liquid,564479,361555,390687,0.0806,Neutral
2024-09-30,Sep,Q3,2024,Cash,T-Bills,Middle East,328158,215747,112411,0.3426,315759,0.0872,Low,Liquid,343293,330157,328158,-0.0061,Neutral
2024-10-31,Oct,Q4,2024,Real Estate,REITs,Asia-Pacific,302422,245868,56554,0.187,866617,0.0334,Low,Liquid,895562,259670,302422,0.1646,Bearish
2024-11-30,Nov,Q4,2024,Cash,T-Bills,Middle East,111367,61738,49629,0.4456,766116,0.127,Medium,Illiquid,863413,107767,111367,0.0334,Bullish
2024-12-31,Dec,Q4,2024,Real Estate,REITs,Asia-Pacific,402644,269354,133290,0.331,1281965,0.2881,High,Liquid,1651299,456943,402644,-0.1188,Bearish
2025-01-31,Jan,Q1,2025,Commodities,Mutual Funds,North America,271678,176217,95461,0.3514,1303462,0.022,Medium,Liquid,1332138,237109,271678,0.1458,Neutral
2025-02-28,Feb,Q1,2025,Equity,Mutual Funds,Asia-Pacific,263283,197533,65750,0.2497,427408,0.0392,Low,Liquid,444162,227019,263283,0.1597,Neutral
2025-03-31,Mar,Q1,2025,Cash,T-Bills,Europe,296922,210912,86010,0.2897,776384,0.1094,Low,Liquid,861320,263852,296922,0.1253,Bullish
2025-04-30,Apr,Q2,2025,Fixed Income,Bonds,Asia-Pacific,359503,252909,106594,0.2965,398258,0.0577,Low,Liquid,421237,305857,359503,0.1754,Bearish
2025-05-31,May,Q2,2025,Commodities,ETFs,North America,465819,289197,176622,0.3792,1543915,0.1094,Medium,Illiquid,1712819,496635,465819,-0.062,Bearish
2025-06-30,Jun,Q2,2025,Fixed Income,T-Bills,Asia-Pacific,429998,333199,96799,0.2251,157897,0.1067,Low,Illiquid,174745,411183,429998,0.0458,Neutral
2025-07-31,Jul,Q3,2025,Real Estate,REITs,North America,428319,247038,181281,0.4232,1117138,0.02,Medium,Semi-Liquid,1139481,408136,428319,0.0495,Bearish
2025-08-31,Aug,Q3,2025,Equity,ETFs,Asia-Pacific,291698,211788,79910,0.2739,1516335,0.0795,Medium,Semi-Liquid,1636884,259108,291698,0.1258,Bullish
2025-09-30,Sep,Q3,2025,Equity,Stocks,Latin America,274211,177992,96219,0.3509,1874014,-0.0477,Medium,Semi-Liquid,1784624,251616,274211,0.0898,Bullish
2025-10-31,Oct,Q4,2025,Commodities,Mutual Funds,Asia-Pacific,453544,260366,193178,0.4259,1096572,0.061,Low,Semi-Liquid,1163463,519178,453544,-0.1264,Bullish
2025-11-30,Nov,Q4,2025,Fixed Income,T-Bills,Latin America,166056,99844,66212,0.3987,1370422,0.3182,High,Illiquid,1806490,168884,166056,-0.0167,Neutral
2025-12-31,Dec,Q4,2025,Fixed Income,Bonds,Middle East,369929,225602,144327,0.3901,1498870,0.1384,High,Semi-Liquid,1706314,392927,369929,-0.0585,Neutral
2023-01-31,Jan,Q1,2023,Cash,T-Bills,Asia-Pacific,73321,47731,25590,0.349,355388,-0.0715,High,Liquid,329978,84098,73321,-0.1281,Bearish
2023-02-28,Feb,Q1,2023,Cash,T-Bills,Europe,392103,285722,106381,0.2713,995995,0.0612,Low,Illiquid,1056950,374325,392103,0.0475,Neutral
2023-03-31,Mar,Q1,2023,Equity,Stocks,Latin America,495918,303254,192664,0.3885,820534,0.3169,High,Semi-Liquid,1080561,528886,495918,-0.0623,Neutral
2023-04-30,Apr,Q2,2023,Commodities,Mutual Funds,Middle East,409792,326825,82967,0.2025,454169,0.0436,Low,Liquid,473971,426236,409792,-0.0386,Neutral
2023-05-31,May,Q2,2023,Commodities,ETFs,Middle East,247611,164187,83424,0.3369,979092,0.0404,Medium,Semi-Liquid,1018647,266004,247611,-0.0691,Neutral
2023-06-30,Jun,Q2,2023,Equity,Stocks,North America,79979,49484,30495,0.3813,1131414,0.0942,High,Illiquid,1237993,75968,79979,0.0528,Bearish
2023-07-31,Jul,Q3,2023,Real Estate,REITs,Europe,272941,210830,62111,0.2276,1188987,0.1198,Low,Illiquid,1331428,293608,272941,-0.0704,Neutral
2023-08-31,Aug,Q3,2023,Cash,T-Bills,Middle East,306450,238644,67806,0.2213,1765855,0.0539,High,Liquid,1861035,335985,306450,-0.0879,Bullish
2023-09-30,Sep,Q3,2023,Commodities,ETFs,Latin America,268861,180859,88002,0.3273,1566576,-0.0463,Medium,Liquid,1494044,276801,268861,-0.0287,Bearish
2023-10-31,Oct,Q4,2023,Commodities,Mutual Funds,Europe,481584,314357,167227,0.3472,531967,0.0624,Low,Liquid,565162,450945,481584,0.0679,Neutral
2023-11-30,Nov,Q4,2023,Real Estate,REITs,Latin America,165207,126851,38356,0.2322,1226630,-0.054,High,Semi-Liquid,1160392,185961,165207,-0.1116,Bullish
2023-12-31,Dec,Q4,2023,Cash,T-Bills,Middle East,218496,124691,93805,0.4293,246910,-0.0187,Medium,Semi-Liquid,242293,240811,218496,-0.0927,Neutral
2024-01-31,Jan,Q1,2024,Real Estate,REITs,North America,133844,107242,26602,0.1988,731078,0.0511,Low,Liquid,768436,122898,133844,0.0891,Bullish
2024-02-29,Feb,Q1,2024,Cash,T-Bills,North America,52084,33857,18227,0.35,856521,0.1112,Medium,Semi-Liquid,951766,58644,52084,-0.1119,Neutral
2024-03-31,Mar,Q1,2024,Fixed Income,Bonds,Europe,151072,103595,47477,0.3143,367628,0.0029,Medium,Illiquid,368694,150998,151072,0.0005,Bearish
2024-04-30,Apr,Q2,2024,Cash,T-Bills,North America,149044,91484,57560,0.3862,1078830,0.2427,Medium,Illiquid,1340662,147210,149044,0.0125,Bullish
2024-05-31,May,Q2,2024,Commodities,Mutual Funds,Latin America,189472,126794,62678,0.3308,910899,0.1899,Medium,Liquid,1083879,180911,189472,0.0473,Bullish
2024-06-30,Jun,Q2,2024,Cash,T-Bills,North America,314354,200625,113729,0.3618,1456712,0.0728,Low,Semi-Liquid,1562761,317603,314354,-0.0102,Neutral
2024-07-31,Jul,Q3,2024,Equity,ETFs,Asia-Pacific,83977,65164,18813,0.224,617374,0.1097,Low,Liquid,685100,84647,83977,-0.0079,Bullish
2024-08-31,Aug,Q3,2024,Equity,Mutual Funds,Latin America,62193,38348,23845,0.3834,539042,0.2024,High,Illiquid,648144,53232,62193,0.1683,Neutral
2024-09-30,Sep,Q3,2024,Equity,Mutual Funds,Middle East,374366,296346,78020,0.2084,1978585,0.0803,Low,Liquid,2137465,408828,374366,-0.0843,Bearish
2024-10-31,Oct,Q4,2024,Commodities,Mutual Funds,Middle East,453351,251111,202240,0.4461,262466,0.0408,Low,Semi-Liquid,273175,388957,453351,0.1656,Bullish
2024-11-30,Nov,Q4,2024,Cash,T-Bills,Asia-Pacific,417850,272666,145184,0.3475,592905,0.0639,Medium,Semi-Liquid,630792,429169,417850,-0.0264,Neutral
2024-12-31,Dec,Q4,2024,Commodities,Mutual Funds,Middle East,437481,269424,168057,0.3841,1951640,0.098,Low,Semi-Liquid,2142901,386852,437481,0.1309,Bullish
2025-01-31,Jan,Q1,2025,Real Estate,REITs,North America,293735,217377,76358,0.26,589987,-0.0082,Medium,Liquid,585149,323249,293735,-0.0913,Bullish
2025-02-28,Feb,Q1,2025,Commodities,Mutual Funds,Europe,58276,48036,10240,0.1757,323727,0.1594,High,Semi-Liquid,375329,54326,58276,0.0727,Bullish
2025-03-31,Mar,Q1,2025,Equity,Stocks,North America,113008,71094,41914,0.3709,606347,0.1697,Medium,Illiquid,709244,104557,113008,0.0808,Bullish
2025-04-30,Apr,Q2,2025,Cash,T-Bills,North America,238447,158553,79894,0.3351,1085944,-0.0359,Medium,Semi-Liquid,1046959,214575,238447,0.1113,Neutral
2025-05-31,May,Q2,2025,Real Estate,REITs,North America,225183,143353,81830,0.3634,775778,0.0919,Low,Illiquid,847072,211478,225183,0.0648,Bullish
2025-06-30,Jun,Q2,2025,Real Estate,REITs,Europe,267690,168905,98785,0.369,1125701,-0.0014,Medium,Semi-Liquid,1124125,295117,267690,-0.0929,Bullish
2025-07-31,Jul,Q3,2025,Equity,ETFs,Asia-Pacific,263407,172088,91319,0.3467,767926,0.0738,Medium,Semi-Liquid,824599,279601,263407,-0.0579,Bearish
2025-08-31,Aug,Q3,2025,Fixed Income,Bonds,Asia-Pacific,485465,267771,217694,0.4484,295878,0.0416,High,Liquid,308187,530239,485465,-0.0844,Bullish
2025-09-30,Sep,Q3,2025,Equity,Stocks,North America,89017,74547,14470,0.1626,1540946,0.1875,High,Illiquid,1829873,95935,89017,-0.0721,Bearish
2025-10-31,Oct,Q4,2025,Cash,T-Bills,North America,73218,54985,18233,0.249,183914,0.1647,High,Illiquid,214205,84186,73218,-0.1303,Neutral
2025-11-30,Nov,Q4,2025,Fixed Income,Bonds,Europe,183807,152067,31740,0.1727,1945011,0.1144,Low,Illiquid,2167520,182385,183807,0.0078,Neutral
2025-12-31,Dec,Q4,2025,Commodities,ETFs,Asia-Pacific,342575,225897,116678,0.3406,1165287,0.0681,Low,Semi-Liquid,1244643,382142,342575,-0.1035,Bearish
2023-01-31,Jan,Q1,2023,Real Estate,REITs,Europe,292771,230474,62297,0.2128,705630,0.1378,Medium,Illiquid,802866,326672,292771,-0.1038,Bullish
2023-02-28,Feb,Q1,2023,Fixed Income,T-Bills,Europe,50107,30347,19760,0.3944,829531,0.1133,Low,Semi-Liquid,923517,43644,50107,0.1481,Neutral
2023-03-31,Mar,Q1,2023,Commodities,ETFs,North America,311341,196614,114727,0.3685,856746,-0.0225,Medium,Liquid,837469,296058,311341,0.0516,Bearish
2023-04-30,Apr,Q2,2023,Commodities,ETFs,North America,183651,147995,35656,0.1942,1459551,0.0789,Low,Illiquid,1574710,171379,183651,0.0716,Bearish
2023-05-31,May,Q2,2023,Cash,T-Bills,North America,148214,123757,24457,0.165,1594056,0.0289,Low,Liquid,1640124,144549,148214,0.0254,Neutral
2023-06-30,Jun,Q2,2023,Real Estate,REITs,Middle East,154252,128464,25788,0.1672,1334329,0.1735,High,Illiquid,1565835,154839,154252,-0.0038,Neutral
2023-07-31,Jul,Q3,2023,Fixed Income,Bonds,Europe,400813,262548,138265,0.345,209901,0.2407,Medium,Liquid,260424,446961,400813,-0.1032,Bullish
2023-08-31,Aug,Q3,2023,Real Estate,REITs,Latin America,281862,196558,85304,0.3026,1993038,0.3038,High,Liquid,2598523,278766,281862,0.0111,Bullish
2023-09-30,Sep,Q3,2023,Cash,T-Bills,Middle East,437057,300359,136698,0.3128,843223,0.0319,Medium,Liquid,870122,433999,437057,0.007,Neutral
2023-10-31,Oct,Q4,2023,Real Estate,REITs,North America,344859,246663,98196,0.2847,265275,0.0838,High,Semi-Liquid,287505,331688,344859,0.0397,Neutral
2023-11-30,Nov,Q4,2023,Real Estate,REITs,Middle East,149082,112554,36528,0.245,244649,0.1051,Low,Semi-Liquid,270362,148865,149082,0.0015,Bullish
2023-12-31,Dec,Q4,2023,Cash,T-Bills,Asia-Pacific,439022,338123,100899,0.2298,1090395,0.2907,High,Semi-Liquid,1407373,405474,439022,0.0827,Bearish
2024-01-31,Jan,Q1,2024,Real Estate,REITs,Asia-Pacific,363862,274367,89495,0.246,1275362,0.0953,Low,Liquid,1396904,326596,363862,0.1141,Neutral
2024-02-29,Feb,Q1,2024,Real Estate,REITs,Middle East,52315,41642,10673,0.204,534388,0.3089,High,Illiquid,699460,44485,52315,0.176,Neutral
2024-03-31,Mar,Q1,2024,Fixed Income,T-Bills,Middle East,87844,56917,30927,0.3521,1163704,-0.0152,Medium,Illiquid,1146016,84595,87844,0.0384,Bullish
2024-04-30,Apr,Q2,2024,Cash,T-Bills,Asia-Pacific,293570,246275,47295,0.1611,749557,0.0833,Low,Illiquid,811995,331619,293570,-0.1147,Neutral
2024-05-31,May,Q2,2024,Cash,T-Bills,Latin America,124870,97560,27310,0.2187,1446287,0.0674,Low,Semi-Liquid,1543767,108309,124870,0.1529,Neutral
2024-06-30,Jun,Q2,2024,Real Estate,REITs,Europe,387343,228155,159188,0.411,1540700,-0.0889,High,Illiquid,1403732,331812,387343,0.1674,Neutral
2024-07-31,Jul,Q3,2024,Real Estate,REITs,Asia-Pacific,260843,217358,43485,0.1667,294168,0.2063,Medium,Semi-Liquid,354855,262958,260843,-0.008,Bullish
2024-08-31,Aug,Q3,2024,Cash,T-Bills,Middle East,153524,90487,63037,0.4106,1749303,0.1163,Low,Semi-Liquid,1952747,131937,153524,0.1636,Neutral
2024-09-30,Sep,Q3,2024,Cash,T-Bills,Middle East,228917,144736,84181,0.3677,1969558,0.0842,High,Liquid,2135395,255982,228917,-0.1057,Bearish
2024-10-31,Oct,Q4,2024,Fixed Income,Bonds,Asia-Pacific,303238,209677,93561,0.3085,1132142,0.0359,Low,Liquid,1172786,276283,303238,0.0976,Neutral
2024-11-30,Nov,Q4,2024,Cash,T-Bills,Middle East,392461,289584,102877,0.2621,349365,0.0233,Low,Illiquid,357505,442011,392461,-0.1121,Neutral
2024-12-31,Dec,Q4,2024,Real Estate,REITs,Latin America,319247,233750,85497,0.2678,570326,0.1513,High,Liquid,656616,292961,319247,0.0897,Bullish
2025-01-31,Jan,Q1,2025,Commodities,ETFs,Middle East,117311,80872,36439,0.3106,1392868,0.0596,Low,Illiquid,1475883,134017,117311,-0.1247,Neutral
2025-02-28,Feb,Q1,2025,Real Estate,REITs,Middle East,375928,291250,84678,0.2253,377252,-0.0537,High,Semi-Liquid,356994,383924,375928,-0.0208,Neutral
2025-03-31,Mar,Q1,2025,Commodities,Mutual Funds,North America,282970,163093,119877,0.4236,766191,-0.04,Medium,Semi-Liquid,735543,247195,282970,0.1447,Bullish
2025-04-30,Apr,Q2,2025,Fixed Income,T-Bills,Europe,68533,51476,17057,0.2489,1907945,-0.0127,Medium,Semi-Liquid,1883714,76679,68533,-0.1062,Neutral
2025-05-31,May,Q2,2025,Equity,ETFs,North America,441936,337739,104197,0.2358,1623283,0.0539,Low,Liquid,1710778,483676,441936,-0.0863,Neutral
2025-06-30,Jun,Q2,2025,Real Estate,REITs,Latin America,253543,188401,65142,0.2569,1100165,0.1695,Medium,Semi-Liquid,1286643,221721,253543,0.1435,Neutral
2025-07-31,Jul,Q3,2025,Commodities,ETFs,Latin America,198058,136869,61189,0.3089,1514130,0.1072,Low,Liquid,1676445,194116,198058,0.0203,Bearish
2025-08-31,Aug,Q3,2025,Real Estate,REITs,Latin America,199542,142222,57320,0.2873,1037226,-0.0255,Medium,Semi-Liquid,1010777,193751,199542,0.0299,Neutral
2025-09-30,Sep,Q3,2025,Cash,T-Bills,Middle East,258180,209250,48930,0.1895,1481621,0.1728,Medium,Illiquid,1737645,252409,258180,0.0229,Bullish
2025-10-31,Oct,Q4,2025,Commodities,Mutual Funds,Latin America,310404,211567,98837,0.3184,1477990,0.119,High,Semi-Liquid,1653871,345178,310404,-0.1007,Neutral
2025-11-30,Nov,Q4,2025,Fixed Income,T-Bills,Europe,144798,106700,38098,0.2631,1299964,0.2299,High,Semi-Liquid,1598826,128794,144798,0.1243,Neutral
2025-12-31,Dec,Q4,2025,Commodities,Mutual Funds,Europe,235864,134617,101247,0.4293,930614,0.0297,Low,Semi-Liquid,958253,229143,235864,0.0293,Bearish
2023-01-31,Jan,Q1,2023,Equity,ETFs,North America,436094,241033,195061,0.4473,1217984,0.1296,Medium,Liquid,1375835,422574,436094,0.032,Bullish
2023-02-28,Feb,Q1,2023,Real Estate,REITs,Europe,251950,189168,62782,0.2492,376937,0.0649,Low,Semi-Liquid,401400,258593,251950,-0.0257,Bullish
2023-03-31,Mar,Q1,2023,Commodities,ETFs,North America,210529,149487,61042,0.2899,1585402,0.0905,Low,Liquid,1728881,207142,210529,0.0164,Bearish
2023-04-30,Apr,Q2,2023,Commodities,ETFs,Middle East,289026,240175,48851,0.169,174753,0.0322,Low,Semi-Liquid,180380,284881,289026,0.0145,Bullish
2023-05-31,May,Q2,2023,Cash,T-Bills,Asia-Pacific,359694,240712,118982,0.3308,1011804,0.0886,Low,Liquid,1101450,307615,359694,0.1693,Bearish
2023-06-30,Jun,Q2,2023,Equity,ETFs,Middle East,284779,185903,98876,0.3472,1111265,-0.0434,High,Illiquid,1063036,253400,284779,0.1238,Bullish
2023-07-31,Jul,Q3,2023,Commodities,Mutual Funds,Europe,134757,103662,31095,0.2307,396711,0.0435,Low,Illiquid,413968,153489,134757,-0.122,Bullish
2023-08-31,Aug,Q3,2023,Fixed Income,Bonds,Europe,328031,265925,62106,0.1893,1184159,-0.0409,Medium,Semi-Liquid,1135727,370440,328031,-0.1145,Bearish
2023-09-30,Sep,Q3,2023,Commodities,ETFs,North America,343055,199650,143405,0.418,1349906,0.1199,Low,Semi-Liquid,1511760,296559,343055,0.1568,Bullish
2023-10-31,Oct,Q4,2023,Equity,Stocks,North America,305157,235439,69718,0.2285,1769180,0.0819,High,Liquid,1914076,289322,305157,0.0547,Neutral
2023-11-30,Nov,Q4,2023,Real Estate,REITs,Europe,441005,292255,148750,0.3373,664052,0.1921,High,Liquid,791616,418300,441005,0.0543,Bullish
2023-12-31,Dec,Q4,2023,Equity,ETFs,Middle East,156895,103861,53034,0.338,531812,-0.028,Medium,Liquid,516921,161764,156895,-0.0301,Bearish
2024-01-31,Jan,Q1,2024,Fixed Income,T-Bills,North America,431225,355446,75779,0.1757,1646156,-0.0173,Medium,Semi-Liquid,1617678,385816,431225,0.1177,Neutral
2024-02-29,Feb,Q1,2024,Cash,T-Bills,Latin America,415844,318302,97542,0.2346,1915495,-0.0445,Medium,Illiquid,1830255,377891,415844,0.1004,Neutral
2024-03-31,Mar,Q1,2024,Cash,T-Bills,Latin America,138719,96237,42482,0.3062,469661,-0.0252,High,Illiquid,457826,143603,138719,-0.034,Bullish
2024-04-30,Apr,Q2,2024,Cash,T-Bills,Latin America,292623,188271,104352,0.3566,1259634,0.1648,Medium,Liquid,1467222,272662,292623,0.0732,Neutral
2024-05-31,May,Q2,2024,Commodities,Mutual Funds,North America,131647,93147,38500,0.2924,1447188,-0.0179,Medium,Illiquid,1421283,134305,131647,-0.0198,Neutral
2024-06-30,Jun,Q2,2024,Fixed Income,T-Bills,Latin America,297602,167557,130045,0.437,1302988,0.2354,Medium,Semi-Liquid,1609711,306674,297602,-0.0296,Neutral
2024-07-31,Jul,Q3,2024,Cash,T-Bills,Latin America,128648,84680,43968,0.3418,1821193,0.097,Low,Liquid,1997849,130834,128648,-0.0167,Bearish
2024-08-31,Aug,Q3,2024,Real Estate,REITs,Middle East,352141,279198,72943,0.2071,1556647,0.035,Low,Illiquid,1611130,344106,352141,0.0234,Neutral
2024-09-30,Sep,Q3,2024,Cash,T-Bills,North America,290911,175575,115336,0.3965,693316,0.0191,Medium,Semi-Liquid,706558,265269,290911,0.0967,Bearish
2024-10-31,Oct,Q4,2024,Real Estate,REITs,Europe,273545,231511,42034,0.1537,359236,0.0895,Low,Liquid,391388,265693,273545,0.0296,Bearish
2024-11-30,Nov,Q4,2024,Cash,T-Bills,North America,418418,305849,112569,0.269,740732,0.2217,Medium,Illiquid,904952,452639,418418,-0.0756,Bullish
2024-12-31,Dec,Q4,2024,Commodities,Mutual Funds,Middle East,215130,140495,74635,0.3469,1272596,0.0991,High,Illiquid,1398710,236548,215130,-0.0905,Bearish
2025-01-31,Jan,Q1,2025,Commodities,ETFs,Latin America,316765,238853,77912,0.246,538575,0.0657,Low,Liquid,573959,287337,316765,0.1024,Bullish
2025-02-28,Feb,Q1,2025,Fixed Income,Bonds,Latin America,250859,163076,87783,0.3499,1202903,-0.0234,Medium,Liquid,1174755,285603,250859,-0.1217,Neutral
2025-03-31,Mar,Q1,2025,Cash,T-Bills,North America,252667,196284,56383,0.2232,760386,0.0865,Low,Semi-Liquid,826159,275062,252667,-0.0814,Bullish
2025-04-30,Apr,Q2,2025,Cash,T-Bills,Latin America,467150,332605,134545,0.288,1699863,0.1344,High,Semi-Liquid,1928325,484470,467150,-0.0358,Neutral
2025-05-31,May,Q2,2025,Fixed Income,T-Bills,North America,78399,45887,32512,0.4147,531979,0.0525,Medium,Semi-Liquid,559908,75598,78399,0.0371,Bullish
2025-06-30,Jun,Q2,2025,Fixed Income,Bonds,North America,175867,146447,29420,0.1673,1759340,-0.0015,Medium,Illiquid,1756701,190971,175867,-0.0791,Neutral
2025-07-31,Jul,Q3,2025,Commodities,ETFs,Latin America,292880,216258,76622,0.2616,1381177,0.0732,Low,Illiquid,1482279,312335,292880,-0.0623,Bullish
2025-08-31,Aug,Q3,2025,Real Estate,REITs,Latin America,128086,97151,30935,0.2415,757589,0.339,High,Illiquid,1014412,133503,128086,-0.0406,Bearish
2025-09-30,Sep,Q3,2025,Equity,ETFs,North America,269178,197005,72173,0.2681,1553139,0.0025,Medium,Liquid,1557022,269385,269178,-0.0008,Neutral
2025-10-31,Oct,Q4,2025,Equity,ETFs,North America,61615,36387,25228,0.4094,1929919,0.1149,Medium,Semi-Liquid,2151667,70225,61615,-0.1226,Bullish
2025-11-30,Nov,Q4,2025,Commodities,ETFs,Latin America,147217,108334,38883,0.2641,1335382,-0.0044,Medium,Illiquid,1329506,127844,147217,0.1515,Bearish
2025-12-31,Dec,Q4,2025,Real Estate,REITs,Europe,389414,286550,102864,0.2642,664975,0.0791,Medium,Semi-Liquid,717575,350940,389414,0.1096,Bearish
2023-01-31,Jan,Q1,2023,Cash,T-Bills,North America,361473,205565,155908,0.4313,1067902,0.3485,High,Semi-Liquid,1440066,395521,361473,-0.0861,Bullish
2023-02-28,Feb,Q1,2023,Commodities,Mutual Funds,Middle East,108820,88795,20025,0.184,954591,0.0084,Medium,Semi-Liquid,962610,104503,108820,0.0413,Bearish
2023-03-31,Mar,Q1,2023,Commodities,Mutual Funds,Middle East,237269,164760,72509,0.3056,136465,0.0279,Medium,Liquid,140272,255797,237269,-0.0724,Bullish
2023-04-30,Apr,Q2,2023,Fixed Income,T-Bills,Middle East,333184,203128,130056,0.3903,222772,0.0243,Low,Liquid,228185,320331,333184,0.0401,Neutral
2023-05-31,May,Q2,2023,Equity,Mutual Funds,Middle East,107240,86800,20440,0.1906,562608,0.1933,High,Illiquid,671360,117235,107240,-0.0853,Bullish
2023-06-30,Jun,Q2,2023,Cash,T-Bills,Latin America,451438,377673,73765,0.1634,1595116,0.0419,High,Semi-Liquid,1661951,476917,451438,-0.0534,Neutral
2023-07-31,Jul,Q3,2023,Commodities,Mutual Funds,Middle East,455793,313788,142005,0.3116,1310683,0.0859,Low,Semi-Liquid,1423271,509821,455793,-0.106,Bullish
2023-08-31,Aug,Q3,2023,Equity,Mutual Funds,North America,381845,268692,113153,0.2963,1392433,0.0242,Low,Liquid,1426130,334281,381845,0.1423,Bullish
2023-09-30,Sep,Q3,2023,Real Estate,REITs,North America,480426,370530,109896,0.2287,771178,0.0497,Low,Illiquid,809506,458764,480426,0.0472,Bullish
2023-10-31,Oct,Q4,2023,Real Estate,REITs,Asia-Pacific,297327,237612,59715,0.2008,230554,0.0624,Low,Illiquid,244941,260097,297327,0.1431,Bearish
2023-11-30,Nov,Q4,2023,Commodities,ETFs,North America,104624,76847,27777,0.2655,1571804,0.1898,High,Illiquid,1870132,105575,104624,-0.009,Bullish
2023-12-31,Dec,Q4,2023,Fixed Income,T-Bills,Middle East,320847,232526,88321,0.2753,1521339,0.1012,Low,Illiquid,1675299,335909,320847,-0.0448,Neutral
2024-01-31,Jan,Q1,2024,Real Estate,REITs,Europe,217475,147801,69674,0.3204,934869,0.0813,Low,Semi-Liquid,1010874,246382,217475,-0.1173,Bullish
2024-02-29,Feb,Q1,2024,Commodities,ETFs,Latin America,496587,373154,123433,0.2486,702153,0.1079,Low,Semi-Liquid,777915,460599,496587,0.0781,Bullish
2024-03-31,Mar,Q1,2024,Fixed Income,Bonds,Middle East,377821,295809,82012,0.2171,1346707,0.0377,Low,Semi-Liquid,1397478,382925,377821,-0.0133,Neutral
2024-04-30,Apr,Q2,2024,Real Estate,REITs,North America,98575,74482,24093,0.2444,274555,0.3343,High,Liquid,366339,98232,98575,0.0035,Neutral
2024-05-31,May,Q2,2024,Commodities,ETFs,Asia-Pacific,183897,132315,51582,0.2805,1408882,0.293,High,Liquid,1821684,191416,183897,-0.0393,Bearish
2024-06-30,Jun,Q2,2024,Cash,T-Bills,Europe,446653,282897,163756,0.3666,468512,0.2139,Medium,Liquid,568727,467765,446653,-0.0451,Neutral
2024-07-31,Jul,Q3,2024,Equity,ETFs,Middle East,359548,238229,121319,0.3374,1123522,0.1072,Medium,Illiquid,1243964,397090,359548,-0.0945,Bearish
2024-08-31,Aug,Q3,2024,Fixed Income,T-Bills,Latin America,391404,294928,96476,0.2465,1536903,0.2026,Medium,Semi-Liquid,1848280,387919,391404,0.009,Neutral
2024-09-30,Sep,Q3,2024,Real Estate,REITs,Middle East,374932,305892,69040,0.1841,1226784,0.0592,Low,Illiquid,1299410,365104,374932,0.0269,Bearish
2024-10-31,Oct,Q4,2024,Cash,T-Bills,Europe,231047,187675,43372,0.1877,1069208,0.167,Medium,Liquid,1247766,203608,231047,0.1348,Bullish
2024-11-30,Nov,Q4,2024,Fixed Income,Bonds,Latin America,319716,233598,86118,0.2694,143572,0.0466,Medium,Semi-Liquid,150262,332807,319716,-0.0393,Bearish
2024-12-31,Dec,Q4,2024,Real Estate,REITs,Middle East,404877,285511,119366,0.2948,936378,-0.0058,Medium,Semi-Liquid,930947,384009,404877,0.0543,Neutral
2025-01-31,Jan,Q1,2025,Equity,ETFs,Latin America,380127,243218,136909,0.3602,429612,0.0838,Low,Illiquid,465613,379690,380127,0.0012,Neutral
2025-02-28,Feb,Q1,2025,Real Estate,REITs,Latin America,141321,101704,39617,0.2803,1961329,-0.0004,Medium,Liquid,1960544,149811,141321,-0.0567,Neutral
2025-03-31,Mar,Q1,2025,Cash,T-Bills,North America,166684,113161,53523,0.3211,1758187,0.2789,High,Illiquid,2248545,150987,166684,0.104,Neutral
2025-04-30,Apr,Q2,2025,Equity,Stocks,Europe,72429,59477,12952,0.1788,1827841,0.2511,High,Semi-Liquid,2286812,61717,72429,0.1736,Bearish
2025-05-31,May,Q2,2025,Equity,ETFs,Latin America,345630,289287,56343,0.163,231020,0.0257,Low,Liquid,236957,323045,345630,0.0699,Neutral
2025-06-30,Jun,Q2,2025,Commodities,ETFs,Asia-Pacific,172377,134078,38299,0.2222,954506,0.0977,Low,Semi-Liquid,1047761,149901,172377,0.1499,Bullish
2025-07-31,Jul,Q3,2025,Cash,T-Bills,Latin America,112660,79958,32702,0.2903,881082,0.0547,Low,Semi-Liquid,929277,126174,112660,-0.1071,Neutral
2025-08-31,Aug,Q3,2025,Fixed Income,T-Bills,Asia-Pacific,227052,181269,45783,0.2016,1596655,0.181,High,Illiquid,1885650,226676,227052,0.0017,Neutral
2025-09-30,Sep,Q3,2025,Cash,T-Bills,Europe,304399,209786,94613,0.3108,1946810,0.0809,Low,Illiquid,2104307,290656,304399,0.0473,Bullish
2025-10-31,Oct,Q4,2025,Equity,Stocks,Europe,432777,310893,121884,0.2816,1094443,-0.0156,Medium,Illiquid,1077370,479535,432777,-0.0975,Bullish
2025-11-30,Nov,Q4,2025,Fixed Income,Bonds,North America,86776,59658,27118,0.3125,1020923,-0.0254,High,Liquid,994992,98379,86776,-0.1179,Bearish
2025-12-31,Dec,Q4,2025,Equity,ETFs,Europe,295444,168014,127430,0.4313,1073755,0.1919,Medium,Illiquid,1279809,291831,295444,0.0124,Neutral
2023-01-31,Jan,Q1,2023,Real Estate,REITs,North America,295181,229511,65670,0.2225,1532805,0.0218,Low,Illiquid,1566220,262084,295181,0.1263,Neutral
2023-02-28,Feb,Q1,2023,Commodities,Mutual Funds,Asia-Pacific,301091,215507,85584,0.2842,278889,0.0546,High,Semi-Liquid,294116,281439,301091,0.0698,Neutral
2023-03-31,Mar,Q1,2023,Fixed Income,T-Bills,Asia-Pacific,221189,173121,48068,0.2173,1932506,0.0404,Low,Illiquid,2010579,222737,221189,-0.0069,Neutral
2023-04-30,Apr,Q2,2023,Commodities,Mutual Funds,North America,339204,206491,132713,0.3912,1804220,0.1061,Medium,Liquid,1995648,333872,339204,0.016,Bullish
2023-05-31,May,Q2,2023,Commodities,Mutual Funds,Asia-Pacific,492585,291715,200870,0.4078,483830,0.0053,Medium,Illiquid,486394,550807,492585,-0.1057,Bullish
2023-06-30,Jun,Q2,2023,Commodities,Mutual Funds,Asia-Pacific,87559,71336,16223,0.1853,1626847,0.0705,Low,Semi-Liquid,1741540,99829,87559,-0.1229,Bearish
2023-07-31,Jul,Q3,2023,Cash,T-Bills,Middle East,498685,420858,77827,0.1561,1346655,-0.0111,Medium,Liquid,1331707,526640,498685,-0.0531,Bullish
2023-08-31,Aug,Q3,2023,Real Estate,REITs,North America,220562,185721,34841,0.158,739997,0.0496,Low,Semi-Liquid,776701,248234,220562,-0.1115,Bullish
2023-09-30,Sep,Q3,2023,Real Estate,REITs,Latin America,343251,221129,122122,0.3558,583212,0.1019,Low,Illiquid,642641,382363,343251,-0.1023,Neutral
2023-10-31,Oct,Q4,2023,Fixed Income,T-Bills,Middle East,157943,93596,64347,0.4074,761089,0.065,Low,Semi-Liquid,810560,169733,157943,-0.0695,Bullish
2023-11-30,Nov,Q4,2023,Equity,Mutual Funds,North America,164289,91893,72396,0.4407,1504660,-0.0521,High,Illiquid,1426267,155167,164289,0.0588,Neutral
2023-12-31,Dec,Q4,2023,Commodities,ETFs,North America,175674,130502,45172,0.2571,1418886,0.1038,Medium,Liquid,1566166,165413,175674,0.062,Neutral
2024-01-31,Jan,Q1,2024,Cash,T-Bills,Asia-Pacific,472237,383155,89082,0.1886,1555523,0.2548,High,Liquid,1951870,495611,472237,-0.0472,Neutral
2024-02-29,Feb,Q1,2024,Fixed Income,Bonds,North America,99945,68374,31571,0.3159,974681,0.2891,High,Illiquid,1256461,101344,99945,-0.0138,Bearish
2024-03-31,Mar,Q1,2024,Real Estate,REITs,Asia-Pacific,58100,39301,18799,0.3236,151633,0.3348,High,Semi-Liquid,202400,51607,58100,0.1258,Bearish
2024-04-30,Apr,Q2,2024,Equity,Mutual Funds,Asia-Pacific,58103,48739,9364,0.1612,1480675,0.0371,High,Illiquid,1535608,63845,58103,-0.0899,Neutral
2024-05-31,May,Q2,2024,Commodities,ETFs,Latin America,80753,50793,29960,0.371,187635,0.0767,Low,Semi-Liquid,202027,75516,80753,0.0693,Bullish
2024-06-30,Jun,Q2,2024,Real Estate,REITs,Middle East,319464,181886,137578,0.4307,1766755,0.1077,Low,Illiquid,1957035,303210,319464,0.0536,Neutral
2024-07-31,Jul,Q3,2024,Equity,Mutual Funds,Middle East,170500,134141,36359,0.2132,1189364,0.1965,High,Semi-Liquid,1423074,157831,170500,0.0803,Bearish
2024-08-31,Aug,Q3,2024,Cash,T-Bills,Asia-Pacific,459332,344848,114484,0.2492,1675645,0.2137,Medium,Liquid,2033730,469222,459332,-0.0211,Bullish
2024-09-30,Sep,Q3,2024,Cash,T-Bills,Latin America,320866,262390,58476,0.1822,942422,0.1732,High,Semi-Liquid,1105649,333506,320866,-0.0379,Neutral
2024-10-31,Oct,Q4,2024,Commodities,ETFs,Middle East,96901,64473,32428,0.3347,1026567,0.1457,Medium,Illiquid,1176138,109998,96901,-0.1191,Bearish
2024-11-30,Nov,Q4,2024,Fixed Income,Bonds,North America,451166,248537,202629,0.4491,175555,0.1312,Medium,Illiquid,198588,506305,451166,-0.1089,Bearish
2024-12-31,Dec,Q4,2024,Real Estate,REITs,Latin America,266918,162508,104410,0.3912,1260482,0.0342,Medium,Liquid,1303590,243455,266918,0.0964,Bullish
2025-01-31,Jan,Q1,2025,Cash,T-Bills,Middle East,424993,341345,83648,0.1968,641325,0.0663,Low,Semi-Liquid,683845,417157,424993,0.0188,Bullish
2025-02-28,Feb,Q1,2025,Fixed Income,Bonds,North America,418193,296700,121493,0.2905,1771739,0.1224,Medium,Liquid,1988600,359186,418193,0.1643,Bullish
2025-03-31,Mar,Q1,2025,Real Estate,REITs,Asia-Pacific,227559,153955,73604,0.3235,880940,0.2223,Medium,Illiquid,1076773,242171,227559,-0.0603,Bullish
2025-04-30,Apr,Q2,2025,Commodities,ETFs,North America,374627,303022,71605,0.1911,103997,0.2229,High,Illiquid,127178,411669,374627,-0.09,Neutral
2025-05-31,May,Q2,2025,Equity,Mutual Funds,Latin America,410160,307128,103032,0.2512,275341,0.1289,Medium,Semi-Liquid,310832,416261,410160,-0.0147,Neutral
2025-06-30,Jun,Q2,2025,Equity,Stocks,Latin America,235704,175323,60381,0.2562,1328255,0.1088,Low,Illiquid,1472769,242683,235704,-0.0288,Neutral
2025-07-31,Jul,Q3,2025,Fixed Income,Bonds,North America,104251,85563,18688,0.1793,226243,0.1102,Medium,Illiquid,251175,93059,104251,0.1203,Neutral
2025-08-31,Aug,Q3,2025,Equity,Stocks,Latin America,229716,189066,40650,0.177,1635243,0.0416,Low,Liquid,1703269,227415,229716,0.0101,Bullish
2025-09-30,Sep,Q3,2025,Equity,ETFs,Latin America,352835,223208,129627,0.3674,681996,0.1867,Medium,Illiquid,809325,347163,352835,0.0163,Bearish
2025-10-31,Oct,Q4,2025,Fixed Income,T-Bills,Asia-Pacific,94493,77191,17302,0.1831,123388,0.061,Medium,Illiquid,130915,81096,94493,0.1652,Neutral
2025-11-30,Nov,Q4,2025,Commodities,ETFs,Europe,70150,54617,15533,0.2214,1898624,0.054,Low,Liquid,2001150,70513,70150,-0.0051,Bearish
2025-12-31,Dec,Q4,2025,Fixed Income,T-Bills,Asia-Pacific,318195,184673,133522,0.4196,1709565,0.0731,Low,Illiquid,1834534,350815,318195,-0.093,Neutral
2023-01-31,Jan,Q1,2023,Commodities,Mutual Funds,North America,268515,149901,118614,0.4417,1060365,0.1164,Low,Liquid,1183791,259187,268515,0.036,Bullish
2023-02-28,Feb,Q1,2023,Real Estate,REITs,Asia-Pacific,190943,113443,77500,0.4059,1026917,-0.011,Medium,Semi-Liquid,1015621,210160,190943,-0.0914,Bullish
2023-03-31,Mar,Q1,2023,Cash,T-Bills,Europe,321324,256420,64904,0.202,1969625,0.0365,Medium,Illiquid,2041516,365776,321324,-0.1215,Neutral
2023-04-30,Apr,Q2,2023,Commodities,ETFs,Middle East,119365,85479,33886,0.2839,1129239,0.2429,High,Semi-Liquid,1403531,131313,119365,-0.091,Bearish
2023-05-31,May,Q2,2023,Real Estate,REITs,Asia-Pacific,75941,49569,26372,0.3473,613471,0.1166,Low,Liquid,685002,77256,75941,-0.017,Bullish
2023-06-30,Jun,Q2,2023,Real Estate,REITs,North America,331805,231158,100647,0.3033,863380,0.2482,Medium,Liquid,1077671,369662,331805,-0.1024,Bearish
2023-07-31,Jul,Q3,2023,Equity,ETFs,Asia-Pacific,433651,330991,102660,0.2367,1823191,0.0332,Low,Liquid,1883721,445752,433651,-0.0271,Bullish
2023-08-31,Aug,Q3,2023,Fixed Income,Bonds,Middle East,405729,238344,167385,0.4126,1609000,0.0327,Medium,Semi-Liquid,1661614,451628,405729,-0.1016,Bullish
2023-09-30,Sep,Q3,2023,Commodities,Mutual Funds,North America,267533,216451,51082,0.1909,1218590,0.0689,High,Semi-Liquid,1302551,250340,267533,0.0687,Neutral
2023-10-31,Oct,Q4,2023,Equity,ETFs,Asia-Pacific,376572,308162,68410,0.1817,966361,0.083,Medium,Liquid,1046569,388108,376572,-0.0297,Bullish
2023-11-30,Nov,Q4,2023,Commodities,ETFs,Middle East,434283,296070,138213,0.3183,1709241,0.2179,Medium,Illiquid,2081685,377278,434283,0.1511,Bullish
2023-12-31,Dec,Q4,2023,Real Estate,REITs,Asia-Pacific,466872,259457,207415,0.4443,1006003,0.0888,Low,Illiquid,1095336,498065,466872,-0.0626,Bearish
2024-01-31,Jan,Q1,2024,Fixed Income,T-Bills,Middle East,379873,269168,110705,0.2914,1607449,0.2472,Medium,Semi-Liquid,2004810,345759,379873,0.0987,Bullish
2024-02-29,Feb,Q1,2024,Fixed Income,Bonds,Asia-Pacific,81063,44722,36341,0.4483,1880473,0.1966,Medium,Liquid,2250174,88582,81063,-0.0849,Bearish
2024-03-31,Mar,Q1,2024,Equity,Mutual Funds,Europe,84942,57103,27839,0.3277,873502,0.0266,Low,Illiquid,896737,81090,84942,0.0475,Bearish
2024-04-30,Apr,Q2,2024,Real Estate,REITs,Latin America,95424,77359,18065,0.1893,1395322,-0.0161,Medium,Semi-Liquid,1372857,105217,95424,-0.0931,Bullish
2024-05-31,May,Q2,2024,Commodities,Mutual Funds,Latin America,182881,113334,69547,0.3803,633909,0.1003,Low,Semi-Liquid,697490,206430,182881,-0.1141,Bearish
2024-06-30,Jun,Q2,2024,Real Estate,REITs,Middle East,338214,285349,52865,0.1563,1246637,0.0573,Medium,Illiquid,1318069,353212,338214,-0.0425,Bullish
2024-07-31,Jul,Q3,2024,Equity,Mutual Funds,Europe,357178,222372,134806,0.3774,1456510,0.1968,Medium,Semi-Liquid,1743151,389748,357178,-0.0836,Bullish
2024-08-31,Aug,Q3,2024,Commodities,ETFs,Asia-Pacific,121381,98877,22504,0.1854,1665178,0.2248,High,Semi-Liquid,2039510,113062,121381,0.0736,Bearish
2024-09-30,Sep,Q3,2024,Equity,Mutual Funds,North America,371767,270663,101104,0.272,1801881,0.0783,Low,Semi-Liquid,1942968,368083,371767,0.01,Neutral
2024-10-31,Oct,Q4,2024,Cash,T-Bills,Latin America,422022,248562,173460,0.411,1173470,0.21,Medium,Liquid,1419899,431114,422022,-0.0211,Neutral
2024-11-30,Nov,Q4,2024,Fixed Income,Bonds,Asia-Pacific,471345,354707,116638,0.2475,320443,-0.0373,Medium,Liquid,308490,480484,471345,-0.019,Bullish
2024-12-31,Dec,Q4,2024,Commodities,ETFs,North America,164404,133603,30801,0.1873,447334,0.0335,Medium,Semi-Liquid,462320,146135,164404,0.125,Bullish
2025-01-31,Jan,Q1,2025,Commodities,ETFs,North America,335453,285081,50372,0.1502,299135,0.0699,Low,Liquid,320045,323892,335453,0.0357,Bearish
2025-02-28,Feb,Q1,2025,Equity,Mutual Funds,Europe,73560,57397,16163,0.2197,891358,0.1967,Medium,Illiquid,1066688,81291,73560,-0.0951,Bullish
2025-03-31,Mar,Q1,2025,Equity,Stocks,Asia-Pacific,355016,259987,95029,0.2677,661073,-0.009,Medium,Semi-Liquid,655123,371166,355016,-0.0435,Bullish
2025-04-30,Apr,Q2,2025,Fixed Income,Bonds,Latin America,260669,188660,72009,0.2762,262149,-0.0806,High,Liquid,241020,273718,260669,-0.0477,Neutral
2025-05-31,May,Q2,2025,Equity,ETFs,Europe,56612,37575,19037,0.3363,740957,-0.0442,Medium,Illiquid,708207,50232,56612,0.127,Neutral
2025-06-30,Jun,Q2,2025,Fixed Income,Bonds,North America,317809,175741,142068,0.447,981781,0.239,Medium,Semi-Liquid,1216427,319624,317809,-0.0057,Bearish
2025-07-31,Jul,Q3,2025,Equity,Mutual Funds,Latin America,489206,287489,201717,0.4123,132201,0.097,Low,Liquid,145024,534285,489206,-0.0844,Bearish
2025-08-31,Aug,Q3,2025,Fixed Income,Bonds,Middle East,206643,136699,69944,0.3385,102572,0.05,Low,Illiquid,107701,215722,206643,-0.0421,Bearish
2025-09-30,Sep,Q3,2025,Commodities,ETFs,Asia-Pacific,322766,205713,117053,0.3627,493480,0.0352,Low,Illiquid,510850,361445,322766,-0.107,Neutral
2025-10-31,Oct,Q4,2025,Cash,T-Bills,North America,386350,267409,118941,0.3079,209904,0.331,High,Semi-Liquid,279382,437664,386350,-0.1172,Bearish
2025-11-30,Nov,Q4,2025,Cash,T-Bills,Latin America,399618,244364,155254,0.3885,1478692,0.1359,Medium,Illiquid,1679646,447102,399618,-0.1062,Bearish
2025-12-31,Dec,Q4,2025,Equity,ETFs,Asia-Pacific,287269,236114,51155,0.1781,411374,0.1428,Medium,Illiquid,470118,313973,287269,-0.0851,Neutral
2023-01-31,Jan,Q1,2023,Commodities,Mutual Funds,Latin America,77991,46342,31649,0.4058,114899,0.1393,Medium,Illiquid,130904,76767,77991,0.0159,Neutral
2023-02-28,Feb,Q1,2023,Equity,ETFs,Asia-Pacific,483040,355649,127391,0.2637,1864455,0.2424,High,Liquid,2316399,489831,483040,-0.0139,Neutral
2023-03-31,Mar,Q1,2023,Cash,T-Bills,Asia-Pacific,453954,341512,112442,0.2477,360298,0.1195,Low,Liquid,403354,457663,453954,-0.0081,Bearish
2023-04-30,Apr,Q2,2023,Commodities,Mutual Funds,North America,233003,194769,38234,0.1641,1092825,0.0419,Low,Illiquid,1138614,230135,233003,0.0125,Bearish
2023-05-31,May,Q2,2023,Fixed Income,Bonds,Europe,209768,159317,50451,0.2405,850891,0.3288,High,Illiquid,1130664,239160,209768,-0.1229,Neutral
2023-06-30,Jun,Q2,2023,Cash,T-Bills,Europe,256206,200969,55237,0.2156,1924319,0.1791,Medium,Illiquid,2268965,283508,256206,-0.0963,Bullish
2023-07-31,Jul,Q3,2023,Commodities,ETFs,Middle East,298396,236158,62238,0.2086,187508,0.1008,Low,Liquid,206409,269561,298396,0.107,Bullish
2023-08-31,Aug,Q3,2023,Real Estate,REITs,Middle East,348095,203827,144268,0.4145,648881,0.0598,Low,Liquid,687684,391906,348095,-0.1118,Bearish
2023-09-30,Sep,Q3,2023,Real Estate,REITs,North America,335950,193916,142034,0.4228,161974,0.0258,Low,Liquid,166153,330343,335950,0.017,Bearish
2023-10-31,Oct,Q4,2023,Fixed Income,T-Bills,North America,211360,157884,53476,0.253,556758,-0.0138,High,Liquid,549075,237880,211360,-0.1115,Bearish
2023-11-30,Nov,Q4,2023,Commodities,ETFs,Europe,66208,39895,26313,0.3974,1746864,0.0271,High,Liquid,1794204,75155,66208,-0.119,Bullish
2023-12-31,Dec,Q4,2023,Cash,T-Bills,Asia-Pacific,391449,248472,142977,0.3653,770796,0.2182,Medium,Liquid,938984,443878,391449,-0.1181,Bearish
2024-01-31,Jan,Q1,2024,Cash,T-Bills,Middle East,273893,167459,106434,0.3886,1223148,-0.0162,High,Illiquid,1203333,260053,273893,0.0532,Bearish
2024-02-29,Feb,Q1,2024,Commodities,Mutual Funds,North America,278114,187122,90992,0.3272,1640669,0.2007,Medium,Semi-Liquid,1969951,264113,278114,0.053,Neutral
2024-03-31,Mar,Q1,2024,Fixed Income,Bonds,Europe,292593,185721,106872,0.3653,907934,-0.0831,High,Semi-Liquid,832485,259928,292593,0.1257,Neutral
2024-04-30,Apr,Q2,2024,Equity,Stocks,Middle East,375408,229062,146346,0.3898,486799,-0.047,Medium,Semi-Liquid,463919,368367,375408,0.0191,Bullish
2024-05-31,May,Q2,2024,Real Estate,REITs,Latin America,338286,228270,110016,0.3252,1542231,0.1743,High,Semi-Liquid,1811042,378479,338286,-0.1062,Neutral
2024-06-30,Jun,Q2,2024,Cash,T-Bills,North America,216923,178003,38920,0.1794,1632718,0.1185,Low,Illiquid,1826195,233469,216923,-0.0709,Bullish
2024-07-31,Jul,Q3,2024,Cash,T-Bills,Middle East,389223,216486,172737,0.4438,611137,0.0718,Low,Illiquid,655017,362232,389223,0.0745,Bearish
2024-08-31,Aug,Q3,2024,Fixed Income,T-Bills,North America,391552,227396,164156,0.4192,1076323,0.1027,Medium,Illiquid,1186861,376197,391552,0.0408,Neutral
2024-09-30,Sep,Q3,2024,Equity,Mutual Funds,Europe,464448,352227,112221,0.2416,1485064,0.2085,Medium,Illiquid,1794700,432968,464448,0.0727,Bearish
2024-10-31,Oct,Q4,2024,Real Estate,REITs,North America,349316,208611,140705,0.4028,325861,0.0965,Low,Liquid,357307,367242,349316,-0.0488,Bullish
2024-11-30,Nov,Q4,2024,Cash,T-Bills,North America,403793,311055,92738,0.2297,830275,0.0225,Low,Semi-Liquid,848956,444858,403793,-0.0923,Bullish
2024-12-31,Dec,Q4,2024,Fixed Income,Bonds,Europe,367787,261234,106553,0.2897,1127396,0.0789,Medium,Illiquid,1216348,346695,367787,0.0608,Bearish
2025-01-31,Jan,Q1,2025,Cash,T-Bills,Asia-Pacific,413955,311768,102187,0.2469,1287555,0.0424,High,Illiquid,1342147,453249,413955,-0.0867,Neutral
2025-02-28,Feb,Q1,2025,Equity,Stocks,Asia-Pacific,55471,41726,13745,0.2478,198488,0.147,High,Illiquid,227666,51937,55471,0.068,Neutral
2025-03-31,Mar,Q1,2025,Real Estate,REITs,Middle East,243743,198259,45484,0.1866,1250459,0.0241,Medium,Liquid,1280595,233203,243743,0.0452,Neutral
2025-04-30,Apr,Q2,2025,Fixed Income,T-Bills,North America,142431,94636,47795,0.3356,1965894,0.1855,Medium,Liquid,2330567,152408,142431,-0.0655,Bullish
2025-05-31,May,Q2,2025,Real Estate,REITs,Middle East,473573,390423,83150,0.1756,121813,0.065,Low,Liquid,129731,541356,473573,-0.1252,Bullish
2025-06-30,Jun,Q2,2025,Fixed Income,T-Bills,Europe,135417,98131,37286,0.2753,488437,0.072,Low,Semi-Liquid,523604,118112,135417,0.1465,Bearish
2025-07-31,Jul,Q3,2025,Real Estate,REITs,Europe,179358,133985,45373,0.253,1940221,0.1311,Medium,Illiquid,2194584,156596,179358,0.1454,Bullish
2025-08-31,Aug,Q3,2025,Cash,T-Bills,Latin America,256110,147936,108174,0.4224,1151420,0.0842,Low,Semi-Liquid,1248370,271768,256110,-0.0576,Neutral
2025-09-30,Sep,Q3,2025,Real Estate,REITs,Europe,171993,125435,46558,0.2707,1745582,0.234,Medium,Semi-Liquid,2154048,151659,171993,0.1341,Bullish
2025-10-31,Oct,Q4,2025,Fixed Income,Bonds,Asia-Pacific,314414,239062,75352,0.2397,1392213,0.0724,Medium,Liquid,1493009,268704,314414,0.1701,Bullish
2025-11-30,Nov,Q4,2025,Commodities,ETFs,North America,229566,184098,45468,0.1981,458227,0.1517,Medium,Illiquid,527740,262417,229566,-0.1252,Neutral
2025-12-31,Dec,Q4,2025,Equity,ETFs,Europe,386773,318842,67931,0.1756,924640,0.0276,Medium,Semi-Liquid,950160,379162,386773,0.0201,Bullish
2023-01-31,Jan,Q1,2023,Equity,Mutual Funds,Europe,351804,267463,84341,0.2397,487647,0.1943,High,Liquid,582397,385405,351804,-0.0872,Bearish
2023-02-28,Feb,Q1,2023,Commodities,ETFs,North America,460026,301988,158038,0.3435,907066,0.0415,Low,Liquid,944709,473426,460026,-0.0283,Bullish
2023-03-31,Mar,Q1,2023,Fixed Income,T-Bills,Europe,469720,335040,134680,0.2867,480536,0.1776,High,Illiquid,565879,503946,469720,-0.0679,Neutral
2023-04-30,Apr,Q2,2023,Real Estate,REITs,Asia-Pacific,313002,222701,90301,0.2885,610822,0.0658,High,Liquid,651014,350125,313002,-0.106,Neutral
2023-05-31,May,Q2,2023,Equity,ETFs,Asia-Pacific,337079,269695,67384,0.1999,1048920,0.1105,Medium,Liquid,1164826,301118,337079,0.1194,Neutral
2023-06-30,Jun,Q2,2023,Commodities,Mutual Funds,Europe,140494,102149,38345,0.2729,874502,0.0909,Medium,Illiquid,953994,120613,140494,0.1648,Bearish
2023-07-31,Jul,Q3,2023,Commodities,ETFs,North America,233950,193525,40425,0.1728,312573,0.1324,High,Semi-Liquid,353958,254060,233950,-0.0792,Bullish
2023-08-31,Aug,Q3,2023,Commodities,ETFs,Europe,250791,198565,52226,0.2082,115132,0.3161,High,Liquid,151525,246526,250791,0.0173,Neutral
2023-09-30,Sep,Q3,2023,Fixed Income,Bonds,North America,442686,353456,89230,0.2016,510514,0.1928,Medium,Illiquid,608941,480716,442686,-0.0791,Bullish
2023-10-31,Oct,Q4,2023,Fixed Income,Bonds,Europe,456601,261766,194835,0.4267,1674855,0.0549,Low,Liquid,1766805,459560,456601,-0.0064,Bullish
2023-11-30,Nov,Q4,2023,Cash,T-Bills,Europe,236532,131033,105499,0.446,662291,0.1066,High,Illiquid,732891,230223,236532,0.0274,Bearish
2023-12-31,Dec,Q4,2023,Commodities,ETFs,Middle East,379580,267407,112173,0.2955,406589,0.0284,Low,Liquid,418136,324821,379580,0.1686,Neutral
2024-01-31,Jan,Q1,2024,Real Estate,REITs,Europe,97405,60070,37335,0.3833,1086527,0.1735,High,Semi-Liquid,1275039,89964,97405,0.0827,Bullish
2024-02-29,Feb,Q1,2024,Real Estate,REITs,Latin America,237099,160915,76184,0.3213,1127720,0.1589,Medium,Illiquid,1306915,251478,237099,-0.0572,Bearish
2024-03-31,Mar,Q1,2024,Equity,Stocks,Europe,334139,237156,96983,0.2902,319250,0.0806,Low,Liquid,344982,295767,334139,0.1297,Neutral
2024-04-30,Apr,Q2,2024,Cash,T-Bills,Europe,453054,276950,176104,0.3887,1064830,0.0758,Medium,Liquid,1145544,387559,453054,0.169,Bullish
2024-05-31,May,Q2,2024,Equity,Mutual Funds,North America,332792,251787,81005,0.2434,581218,-0.047,Medium,Illiquid,553901,355100,332792,-0.0628,Bearish
2024-06-30,Jun,Q2,2024,Equity,Stocks,North America,200133,157598,42535,0.2125,957459,-0.0175,High,Liquid,940703,221446,200133,-0.0962,Bearish
2024-07-31,Jul,Q3,2024,Cash,T-Bills,Asia-Pacific,411592,337724,73868,0.1795,486598,0.0267,Low,Semi-Liquid,499590,458186,411592,-0.1017,Bullish
2024-08-31,Aug,Q3,2024,Commodities,ETFs,North America,341743,195556,146187,0.4278,813391,0.1911,Medium,Illiquid,968830,334922,341743,0.0204,Bullish
2024-09-30,Sep,Q3,2024,Cash,T-Bills,Asia-Pacific,207734,137470,70264,0.3382,230556,0.057,Low,Illiquid,243698,205505,207734,0.0108,Bullish
2024-10-31,Oct,Q4,2024,Commodities,ETFs,Europe,424115,340436,83679,0.1973,809158,0.0832,Low,Illiquid,876480,372632,424115,0.1382,Bullish
2024-11-30,Nov,Q4,2024,Equity,Stocks,Europe,354863,275924,78939,0.2224,127794,0.0122,Medium,Liquid,129353,377564,354863,-0.0601,Bullish
2024-12-31,Dec,Q4,2024,Real Estate,REITs,Latin America,458703,356694,102009,0.2224,1234595,0.0854,Low,Semi-Liquid,1340029,512251,458703,-0.1045,Neutral
2025-01-31,Jan,Q1,2025,Cash,T-Bills,Middle East,236737,180828,55909,0.2362,833803,0.1266,Medium,Semi-Liquid,939362,214392,236737,0.1042,Bullish
2025-02-28,Feb,Q1,2025,Cash,T-Bills,Asia-Pacific,278177,168680,109497,0.3936,246246,0.2133,High,Semi-Liquid,298770,268396,278177,0.0364,Neutral
2025-03-31,Mar,Q1,2025,Fixed Income,Bonds,Europe,361562,227502,134060,0.3708,1884230,0.1864,High,Liquid,2235450,342527,361562,0.0556,Bullish
2025-04-30,Apr,Q2,2025,Cash,T-Bills,Latin America,317886,200074,117812,0.3706,1357741,0.1945,Medium,Semi-Liquid,1621822,344400,317886,-0.077,Bullish
2025-05-31,May,Q2,2025,Commodities,Mutual Funds,Middle East,64017,40195,23822,0.3721,163985,0.2138,Medium,Liquid,199045,59089,64017,0.0834,Bearish
2025-06-30,Jun,Q2,2025,Cash,T-Bills,Latin America,243043,148334,94709,0.3897,1076982,0.0936,Low,Semi-Liquid,1177788,238407,243043,0.0194,Neutral
2025-07-31,Jul,Q3,2025,Cash,T-Bills,Europe,368077,309251,58826,0.1598,1670639,0.3064,High,Illiquid,2182523,415953,368077,-0.1151,Neutral
2025-08-31,Aug,Q3,2025,Real Estate,REITs,Middle East,307023,196866,110157,0.3588,704398,0.3325,High,Liquid,938610,343102,307023,-0.1052,Bearish
2025-09-30,Sep,Q3,2025,Cash,T-Bills,Asia-Pacific,344454,213426,131028,0.3804,127325,0.1793,Medium,Semi-Liquid,150154,357241,344454,-0.0358,Bullish
2025-10-31,Oct,Q4,2025,Commodities,Mutual Funds,Asia-Pacific,438995,318746,120249,0.2739,1203806,0.1191,Low,Illiquid,1347179,472806,438995,-0.0715,Bearish
2025-11-30,Nov,Q4,2025,Real Estate,REITs,Europe,306268,248237,58031,0.1895,820343,0.0614,Medium,Illiquid,870712,317158,306268,-0.0343,Bearish
2025-12-31,Dec,Q4,2025,Real Estate,REITs,Middle East,411986,314976,97010,0.2355,1227001,-0.076,High,Semi-Liquid,1133749,406395,411986,0.0138,Bearish
2023-01-31,Jan,Q1,2023,Fixed Income,Bonds,Europe,275162,208371,66791,0.2427,1424558,0.0849,Low,Illiquid,1545503,256612,275162,0.0723,Bullish
2023-02-28,Feb,Q1,2023,Real Estate,REITs,North America,367313,252179,115134,0.3134,1368745,0.2012,Medium,Liquid,1644136,330919,367313,0.11,Bullish
2023-03-31,Mar,Q1,2023,Commodities,Mutual Funds,North America,254693,192474,62219,0.2443,1829405,0.1417,Medium,Illiquid,2088632,289347,254693,-0.1198,Bearish
2023-04-30,Apr,Q2,2023,Cash,T-Bills,Middle East,464588,336806,127782,0.275,1226396,0.0565,Medium,Liquid,1295687,402146,464588,0.1553,Bullish
2023-05-31,May,Q2,2023,Cash,T-Bills,Europe,346570,212575,133995,0.3866,1739694,0.1086,Low,Illiquid,1928625,315031,346570,0.1001,Neutral
2023-06-30,Jun,Q2,2023,Cash,T-Bills,North America,330184,278020,52164,0.158,983518,0.2813,High,Liquid,1260182,286837,330184,0.1511,Neutral
2023-07-31,Jul,Q3,2023,Commodities,Mutual Funds,Middle East,451352,289685,161667,0.3582,1148567,0.2552,High,Liquid,1441681,440007,451352,0.0258,Neutral
2023-08-31,Aug,Q3,2023,Fixed Income,T-Bills,Asia-Pacific,83670,57024,26646,0.3185,1106774,0.2456,Medium,Semi-Liquid,1378598,75287,83670,0.1113,Neutral
2023-09-30,Sep,Q3,2023,Commodities,Mutual Funds,Asia-Pacific,108356,67933,40423,0.3731,775108,0.0874,Low,Liquid,842852,94136,108356,0.1511,Bullish
2023-10-31,Oct,Q4,2023,Cash,T-Bills,Europe,84416,71418,12998,0.154,615595,-0.0556,High,Illiquid,581368,92756,84416,-0.0899,Neutral
2023-11-30,Nov,Q4,2023,Real Estate,REITs,Latin America,311315,218435,92880,0.2983,373750,0.1372,Medium,Semi-Liquid,425028,290174,311315,0.0729,Bullish
2023-12-31,Dec,Q4,2023,Equity,Stocks,Europe,213714,129771,83943,0.3928,759419,0.1463,High,Semi-Liquid,870522,245244,213714,-0.1286,Bullish
2024-01-31,Jan,Q1,2024,Equity,Mutual Funds,Europe,303150,236320,66830,0.2205,1886796,0.0216,Low,Illiquid,1927551,305220,303150,-0.0068,Bullish
2024-02-29,Feb,Q1,2024,Cash,T-Bills,North America,212632,171794,40838,0.1921,872929,0.0485,Medium,Semi-Liquid,915266,209697,212632,0.014,Neutral
2024-03-31,Mar,Q1,2024,Equity,ETFs,Middle East,305477,221103,84374,0.2762,1030286,0.1901,High,Liquid,1226143,280717,305477,0.0882,Bullish
2024-04-30,Apr,Q2,2024,Equity,Stocks,Asia-Pacific,124386,100290,24096,0.1937,1032454,0.0607,Low,Semi-Liquid,1095124,139431,124386,-0.1079,Neutral
2024-05-31,May,Q2,2024,Cash,T-Bills,North America,452293,294553,157740,0.3488,1485981,0.158,High,Illiquid,1720766,430264,452293,0.0512,Neutral
2024-06-30,Jun,Q2,2024,Commodities,ETFs,North America,162351,102115,60236,0.371,101241,0.1071,Low,Liquid,112084,176602,162351,-0.0807,Neutral
2024-07-31,Jul,Q3,2024,Commodities,Mutual Funds,Middle East,139777,89204,50573,0.3618,550461,0.1149,Low,Liquid,613709,158423,139777,-0.1177,Bearish
2024-08-31,Aug,Q3,2024,Real Estate,REITs,Europe,259835,202197,57638,0.2218,393535,0.1193,High,Liquid,440484,254377,259835,0.0215,Bearish
2024-09-30,Sep,Q3,2024,Equity,ETFs,Middle East,264060,198658,65402,0.2477,1549497,-0.0795,High,Liquid,1426312,275673,264060,-0.0421,Neutral
2024-10-31,Oct,Q4,2024,Real Estate,REITs,Latin America,105530,77870,27660,0.2621,629094,0.2059,Medium,Semi-Liquid,758624,119092,105530,-0.1139,Neutral
2024-11-30,Nov,Q4,2024,Equity,Mutual Funds,Asia-Pacific,259557,202977,56580,0.218,1838435,0.0067,Medium,Liquid,1850753,292446,259557,-0.1125,Bullish
2024-12-31,Dec,Q4,2024,Commodities,ETFs,Asia-Pacific,305809,227967,77842,0.2545,500485,0.1504,High,Semi-Liquid,575758,338515,305809,-0.0966,Bullish
2025-01-31,Jan,Q1,2025,Fixed Income,T-Bills,Middle East,398860,247424,151436,0.3797,755659,-0.041,Medium,Illiquid,724677,454081,398860,-0.1216,Bearish
2025-02-28,Feb,Q1,2025,Real Estate,REITs,Latin America,192897,155173,37724,0.1956,1899607,0.2155,Medium,Semi-Liquid,2308972,206732,192897,-0.0669,Neutral
2025-03-31,Mar,Q1,2025,Fixed Income,Bonds,Asia-Pacific,372222,283586,88636,0.2381,1283110,0.119,Low,Liquid,1435800,351215,372222,0.0598,Bullish
2025-04-30,Apr,Q2,2025,Real Estate,REITs,Asia-Pacific,425557,353487,72070,0.1694,452893,0.0676,High,Semi-Liquid,483509,480279,425557,-0.1139,Bullish
2025-05-31,May,Q2,2025,Commodities,ETFs,North America,485634,332181,153453,0.316,1052884,0.0447,Low,Illiquid,1099948,481403,485634,0.0088,Bullish
2025-06-30,Jun,Q2,2025,Fixed Income,Bonds,Europe,182420,106613,75807,0.4156,1888913,0.1853,Medium,Semi-Liquid,2238929,180362,182420,0.0114,Bullish
2025-07-31,Jul,Q3,2025,Equity,Stocks,Latin America,210546,163645,46901,0.2228,660637,0.0397,Medium,Semi-Liquid,686864,185726,210546,0.1336,Neutral
2025-08-31,Aug,Q3,2025,Equity,ETFs,Asia-Pacific,420123,252915,167208,0.398,1023053,0.0317,Low,Liquid,1055484,443081,420123,-0.0518,Neutral
2025-09-30,Sep,Q3,2025,Fixed Income,T-Bills,Latin America,102462,73159,29303,0.286,1814585,0.0532,Medium,Liquid,1911121,109624,102462,-0.0653,Bullish
2025-10-31,Oct,Q4,2025,Commodities,ETFs,Europe,345664,283277,62387,0.1805,859086,0.0527,Low,Illiquid,904360,294936,345664,0.172,Bearish
2025-11-30,Nov,Q4,2025,Real Estate,REITs,Middle East,258792,151552,107240,0.4144,1963080,-0.0034,High,Semi-Liquid,1956406,225193,258792,0.1492,Bearish
2025-12-31,Dec,Q4,2025,Fixed Income,Bonds,Latin America,96469,58051,38418,0.3982,1179151,0.0389,Medium,Illiquid,1225020,109154,96469,-0.1162,Bearish
2023-01-31,Jan,Q1,2023,Commodities,Mutual Funds,North America,206383,116628,89755,0.4349,200254,0.0892,Low,Semi-Liquid,218117,203778,206383,0.0128,Bearish
2023-02-28,Feb,Q1,2023,Cash,T-Bills,North America,453985,351182,102803,0.2264,245236,0.1096,Low,Illiquid,272114,494017,453985,-0.081,Neutral
2023-03-31,Mar,Q1,2023,Equity,Stocks,Europe,266959,214174,52785,0.1977,520354,0.0581,Low,Semi-Liquid,550587,291659,266959,-0.0847,Bearish
2023-04-30,Apr,Q2,2023,Cash,T-Bills,Asia-Pacific,469650,275024,194626,0.4144,1874124,0.2077,High,Illiquid,2263380,474098,469650,-0.0094,Bullish
2023-05-31,May,Q2,2023,Fixed Income,Bonds,Middle East,345384,290587,54797,0.1587,1168159,0.0915,Low,Semi-Liquid,1275046,300669,345384,0.1487,Bullish
2023-06-30,Jun,Q2,2023,Commodities,ETFs,Asia-Pacific,84561,55506,29055,0.3436,1146260,0.0814,High,Illiquid,1239566,93025,84561,-0.091,Neutral
2023-07-31,Jul,Q3,2023,Cash,T-Bills,Middle East,249852,193637,56215,0.225,1110156,0.1113,Medium,Illiquid,1233716,233219,249852,0.0713,Neutral
2023-08-31,Aug,Q3,2023,Commodities,Mutual Funds,Asia-Pacific,149040,105145,43895,0.2945,1449218,0.0296,Low,Semi-Liquid,1492115,140889,149040,0.0579,Bullish
2023-09-30,Sep,Q3,2023,Real Estate,REITs,North America,470437,388076,82361,0.1751,1307287,0.083,Low,Semi-Liquid,1415792,456777,470437,0.0299,Neutral
2023-10-31,Oct,Q4,2023,Fixed Income,T-Bills,Europe,379173,302330,76843,0.2027,378229,0.1033,Low,Liquid,417300,383757,379173,-0.0119,Bearish
2023-11-30,Nov,Q4,2023,Fixed Income,Bonds,Latin America,245197,153212,91985,0.3751,1140196,0.0323,Medium,Illiquid,1177024,274737,245197,-0.1075,Bearish
2023-12-31,Dec,Q4,2023,Real Estate,REITs,Asia-Pacific,484586,323968,160618,0.3315,1483905,0.0556,High,Illiquid,1566410,509459,484586,-0.0488,Neutral
2024-01-31,Jan,Q1,2024,Real Estate,REITs,North America,495650,276439,219211,0.4423,1246705,0.1479,Medium,Illiquid,1431093,523611,495650,-0.0534,Bullish
2024-02-29,Feb,Q1,2024,Equity,Mutual Funds,North America,150204,96456,53748,0.3578,1138271,0.0617,Low,Semi-Liquid,1208502,134893,150204,0.1135,Bearish
2024-03-31,Mar,Q1,2024,Cash,T-Bills,North America,226897,131617,95280,0.4199,131526,0.1978,High,Semi-Liquid,157542,233871,226897,-0.0298,Bullish
2024-04-30,Apr,Q2,2024,Fixed Income,T-Bills,Asia-Pacific,488611,288592,200019,0.4094,539803,0.1068,Low,Liquid,597454,551123,488611,-0.1134,Neutral
2024-05-31,May,Q2,2024,Fixed Income,T-Bills,Asia-Pacific,436080,335497,100583,0.2307,1898836,0.0982,Low,Liquid,2085302,411708,436080,0.0592,Bullish
2024-06-30,Jun,Q2,2024,Fixed Income,T-Bills,Latin America,77849,55320,22529,0.2894,1175536,0.1754,Medium,Illiquid,1381725,69254,77849,0.1241,Bullish
2024-07-31,Jul,Q3,2024,Commodities,Mutual Funds,Middle East,192900,121106,71794,0.3722,266423,-0.0595,High,Liquid,250571,175148,192900,0.1014,Bullish
2024-08-31,Aug,Q3,2024,Cash,T-Bills,Latin America,388611,219716,168895,0.4346,1035817,0.0642,Low,Illiquid,1102316,369305,388611,0.0523,Bullish
2024-09-30,Sep,Q3,2024,Commodities,ETFs,Latin America,183376,150963,32413,0.1768,1140088,0.0934,Low,Semi-Liquid,1246572,174935,183376,0.0483,Bullish
2024-10-31,Oct,Q4,2024,Fixed Income,T-Bills,Europe,363724,221155,142569,0.392,1318859,0.046,Low,Semi-Liquid,1379527,405853,363724,-0.1038,Bullish
2024-11-30,Nov,Q4,2024,Commodities,ETFs,Latin America,158239,118951,39288,0.2483,1669523,0.0873,Low,Illiquid,1815272,173636,158239,-0.0887,Bearish
2024-12-31,Dec,Q4,2024,Fixed Income,Bonds,Latin America,352072,222225,129847,0.3688,254336,0.2478,Medium,Illiquid,317360,315759,352072,0.115,Bullish
2025-01-31,Jan,Q1,2025,Commodities,ETFs,Europe,439746,280044,159702,0.3632,988594,0.1787,High,Illiquid,1165256,428030,439746,0.0274,Bearish
2025-02-28,Feb,Q1,2025,Fixed Income,T-Bills,Latin America,243330,154194,89136,0.3663,345431,-0.0201,Medium,Semi-Liquid,338488,250863,243330,-0.03,Bullish
2025-03-31,Mar,Q1,2025,Fixed Income,T-Bills,North America,401414,316089,85325,0.2126,1244693,0.1302,High,Liquid,1406752,348549,401414,0.1517,Neutral
2025-04-30,Apr,Q2,2025,Real Estate,REITs,Europe,118299,96635,21664,0.1831,1893464,0.1797,Medium,Liquid,2233719,100746,118299,0.1742,Bullish
2025-05-31,May,Q2,2025,Commodities,Mutual Funds,Latin America,474378,306992,167386,0.3529,1356167,0.1935,High,Liquid,1618585,438953,474378,0.0807,Bearish
2025-06-30,Jun,Q2,2025,Cash,T-Bills,North America,498609,301676,196933,0.395,1228870,0.0851,High,Illiquid,1333447,442723,498609,0.1262,Bullish
2025-07-31,Jul,Q3,2025,Fixed Income,Bonds,Europe,267221,209297,57924,0.2168,1378410,0.0924,Low,Semi-Liquid,1505775,266628,267221,0.0022,Neutral
2025-08-31,Aug,Q3,2025,Fixed Income,Bonds,North America,316408,189772,126636,0.4002,146900,0.0632,High,Liquid,156184,320841,316408,-0.0138,Neutral
2025-09-30,Sep,Q3,2025,Cash,T-Bills,Europe,232966,138145,94821,0.407,1457966,0.0493,Low,Semi-Liquid,1529844,234746,232966,-0.0076,Neutral
2025-10-31,Oct,Q4,2025,Cash,T-Bills,Latin America,326519,236517,90002,0.2756,581908,0.1769,Medium,Liquid,684848,285541,326519,0.1435,Neutral
2025-11-30,Nov,Q4,2025,Cash,T-Bills,Latin America,57310,44050,13260,0.2314,714708,0.0865,Low,Illiquid,776530,58283,57310,-0.0167,Bearish
2025-12-31,Dec,Q4,2025,Commodities,ETFs,North America,452419,336360,116059,0.2565,647678,0.0396,Medium,Semi-Liquid,673326,505515,452419,-0.105,Bullish
2023-01-31,Jan,Q1,2023,Cash,T-Bills,Asia-Pacific,91444,72660,18784,0.2054,1799368,0.1971,Medium,Illiquid,2154023,102384,91444,-0.1069,Bullish
2023-02-28,Feb,Q1,2023,Cash,T-Bills,North America,224927,139925,85002,0.3779,280434,0.0445,Medium,Semi-Liquid,292913,197709,224927,0.1377,Bearish
2023-03-31,Mar,Q1,2023,Real Estate,REITs,Asia-Pacific,451093,310868,140225,0.3109,708052,0.0929,Medium,Semi-Liquid,773830,426504,451093,0.0577,Bullish
2023-04-30,Apr,Q2,2023,Fixed Income,Bonds,Latin America,214102,165191,48911,0.2284,1366572,-0.0141,Medium,Liquid,1347303,218768,214102,-0.0213,Neutral
2023-05-31,May,Q2,2023,Commodities,ETFs,Latin America,328628,199146,129482,0.394,148810,0.0354,Medium,Illiquid,154078,323012,328628,0.0174,Neutral
2023-06-30,Jun,Q2,2023,Cash,T-Bills,Middle East,297973,210687,87286,0.2929,636299,0.0341,High,Illiquid,657997,278114,297973,0.0714,Bullish
2023-07-31,Jul,Q3,2023,Equity,Mutual Funds,Asia-Pacific,71642,45758,25884,0.3613,1871835,0.107,Medium,Illiquid,2072121,66737,71642,0.0735,Bullish
2023-08-31,Aug,Q3,2023,Commodities,Mutual Funds,North America,295148,174346,120802,0.4093,1797907,-0.0276,Medium,Liquid,1748285,331251,295148,-0.109,Neutral
2023-09-30,Sep,Q3,2023,Commodities,ETFs,Latin America,473710,335820,137890,0.2911,1491538,0.2272,Medium,Semi-Liquid,1830415,541239,473710,-0.1248,Bullish
2023-10-31,Oct,Q4,2023,Cash,T-Bills,North America,354247,227487,126760,0.3578,803047,0.1477,High,Illiquid,921657,385068,354247,-0.08,Neutral
2023-11-30,Nov,Q4,2023,Fixed Income,T-Bills,Asia-Pacific,260028,149000,111028,0.427,415500,-0.0725,High,Semi-Liquid,385376,259974,260028,0.0002,Neutral
2023-12-31,Dec,Q4,2023,Real Estate,REITs,Latin America,493612,271514,222098,0.4499,1266561,0.1349,Medium,Illiquid,1437420,487310,493612,0.0129,Bearish
2024-01-31,Jan,Q1,2024,Fixed Income,T-Bills,North America,138938,83940,54998,0.3958,598694,0.1364,High,Semi-Liquid,680356,122733,138938,0.132,Bullish
2024-02-29,Feb,Q1,2024,Real Estate,REITs,Latin America,67139,49414,17725,0.264,1426577,0.0415,Low,Liquid,1485780,57913,67139,0.1593,Neutral
2024-03-31,Mar,Q1,2024,Fixed Income,Bonds,Middle East,182961,129718,53243,0.291,1388945,0.1278,Medium,Liquid,1566452,163660,182961,0.1179,Bullish
2024-04-30,Apr,Q2,2024,Commodities,Mutual Funds,Middle East,217196,159491,57705,0.2657,1094960,0.0519,Low,Illiquid,1151788,215236,217196,0.0091,Neutral
2024-05-31,May,Q2,2024,Equity,ETFs,Asia-Pacific,188138,114493,73645,0.3914,1389133,0.0454,High,Semi-Liquid,1452200,215667,188138,-0.1276,Bullish
2024-06-30,Jun,Q2,2024,Fixed Income,Bonds,Latin America,240195,203851,36344,0.1513,119938,0.1095,Low,Semi-Liquid,133071,214913,240195,0.1176,Bearish
2024-07-31,Jul,Q3,2024,Commodities,Mutual Funds,Asia-Pacific,416474,264086,152388,0.3659,351141,0.064,Low,Semi-Liquid,373614,434460,416474,-0.0414,Bullish
2024-08-31,Aug,Q3,2024,Cash,T-Bills,Latin America,256699,199106,57593,0.2244,1820524,0.1035,Low,Illiquid,2008948,233356,256699,0.1,Bullish
2024-09-30,Sep,Q3,2024,Real Estate,REITs,Latin America,80649,49636,31013,0.3845,1877219,0.0666,Low,Liquid,2002242,79328,80649,0.0167,Bearish
2024-10-31,Oct,Q4,2024,Cash,T-Bills,Asia-Pacific,236806,131261,105545,0.4457,1008837,-0.0905,High,Semi-Liquid,917537,259512,236806,-0.0875,Bullish
2024-11-30,Nov,Q4,2024,Cash,T-Bills,Middle East,349935,200874,149061,0.426,939484,-0.0265,High,Illiquid,914588,316809,349935,0.1046,Bullish
2024-12-31,Dec,Q4,2024,Commodities,ETFs,Asia-Pacific,478587,390082,88505,0.1849,614178,0.0394,Low,Illiquid,638377,474916,478587,0.0077,Neutral
2025-01-31,Jan,Q1,2025,Real Estate,REITs,Middle East,497562,303788,193774,0.3894,590397,0.0314,Low,Illiquid,608935,559888,497562,-0.1113,Bearish
2025-02-28,Feb,Q1,2025,Fixed Income,Bonds,North America,315147,216280,98867,0.3137,957975,0.2311,Medium,Liquid,1179363,360909,315147,-0.1268,Bullish
2025-03-31,Mar,Q1,2025,Commodities,Mutual Funds,North America,357941,298771,59170,0.1653,370857,0.0582,Low,Illiquid,392441,363818,357941,-0.0162,Neutral
2025-04-30,Apr,Q2,2025,Fixed Income,Bonds,Latin America,394687,266060,128627,0.3259,1340649,0.078,Low,Illiquid,1445220,338115,394687,0.1673,Bullish
2025-05-31,May,Q2,2025,Equity,ETFs,Asia-Pacific,191914,128188,63726,0.3321,550156,-0.0564,High,Semi-Liquid,519127,173435,191914,0.1065,Neutral
2025-06-30,Jun,Q2,2025,Fixed Income,T-Bills,Europe,401735,273628,128107,0.3189,1292716,0.1442,Medium,Semi-Liquid,1479126,443165,401735,-0.0935,Bullish
2025-07-31,Jul,Q3,2025,Cash,T-Bills,Europe,270442,199915,70527,0.2608,1505398,0.1755,High,Semi-Liquid,1769595,231229,270442,0.1696,Neutral
2025-08-31,Aug,Q3,2025,Real Estate,REITs,Europe,284848,162475,122373,0.4296,444329,0.3307,High,Illiquid,591269,318187,284848,-0.1048,Bullish
2025-09-30,Sep,Q3,2025,Real Estate,REITs,Middle East,334761,261340,73421,0.2193,1988755,-0.0467,Medium,Semi-Liquid,1895880,357877,334761,-0.0646,Bullish
2025-10-31,Oct,Q4,2025,Cash,T-Bills,Europe,209470,134239,75231,0.3591,1488671,0.2153,High,Liquid,1809182,215064,209470,-0.026,Bearish
2025-11-30,Nov,Q4,2025,Cash,T-Bills,Asia-Pacific,262283,187806,74477,0.284,1183545,0.041,Low,Illiquid,1232070,281346,262283,-0.0678,Bullish
2025-12-31,Dec,Q4,2025,Real Estate,REITs,Europe,362729,261244,101485,0.2798,1612863,0.1705,Medium,Illiquid,1887856,374711,362729,-0.032,Bullish
2023-01-31,Jan,Q1,2023,Cash,T-Bills,North America,77418,58699,18719,0.2418,447227,0.0519,Low,Liquid,470438,75456,77418,0.026,Neutral
2023-02-28,Feb,Q1,2023,Real Estate,REITs,North America,313173,260698,52475,0.1676,431378,0.0672,Low,Semi-Liquid,460367,274786,313173,0.1397,Bullish
2023-03-31,Mar,Q1,2023,Fixed Income,T-Bills,North America,338939,214433,124506,0.3673,1039590,-0.0135,Medium,Liquid,1025556,347897,338939,-0.0257,Bullish
2023-04-30,Apr,Q2,2023,Fixed Income,Bonds,Asia-Pacific,460869,332580,128289,0.2784,443492,0.021,High,Liquid,452805,419203,460869,0.0994,Neutral
2023-05-31,May,Q2,2023,Fixed Income,T-Bills,North America,80320,64213,16107,0.2005,436920,0.1669,Medium,Semi-Liquid,509842,86890,80320,-0.0756,Bearish
2023-06-30,Jun,Q2,2023,Equity,ETFs,Latin America,56238,41887,14351,0.2552,1370865,0.0999,Low,Liquid,1507814,63539,56238,-0.1149,Neutral
2023-07-31,Jul,Q3,2023,Real Estate,REITs,North America,413473,337301,76172,0.1842,1650550,-0.0915,High,Illiquid,1499525,442737,413473,-0.0661,Neutral
2023-08-31,Aug,Q3,2023,Cash,T-Bills,North America,453824,284483,169341,0.3731,519237,-0.0378,High,Illiquid,499610,502716,453824,-0.0973,Bullish
2023-09-30,Sep,Q3,2023,Cash,T-Bills,Latin America,190669,128359,62310,0.3268,498412,0.243,Medium,Liquid,619526,198998,190669,-0.0419,Neutral
2023-10-31,Oct,Q4,2023,Cash,T-Bills,Europe,118349,76757,41592,0.3514,203485,-0.0179,High,Illiquid,199843,134866,118349,-0.1225,Bullish
2023-11-30,Nov,Q4,2023,Fixed Income,Bonds,Latin America,116252,71143,45109,0.388,695206,0.0836,Low,Semi-Liquid,753325,112704,116252,0.0315,Bullish
2023-12-31,Dec,Q4,2023,Commodities,ETFs,North America,394337,233821,160516,0.4071,1349661,0.1425,Medium,Liquid,1541988,338211,394337,0.1659,Bullish
2024-01-31,Jan,Q1,2024,Equity,Stocks,Asia-Pacific,186110,150304,35806,0.1924,1728739,0.0965,Low,Illiquid,1895562,166384,186110,0.1186,Neutral
2024-02-29,Feb,Q1,2024,Fixed Income,Bonds,Middle East,340576,239483,101093,0.2968,327911,0.0512,Low,Illiquid,344700,371473,340576,-0.0832,Bearish
2024-03-31,Mar,Q1,2024,Cash,T-Bills,Asia-Pacific,156030,129984,26046,0.1669,1755378,0.0302,High,Liquid,1808390,169287,156030,-0.0783,Neutral
2024-04-30,Apr,Q2,2024,Equity,Stocks,North America,442869,266013,176856,0.3993,201906,0.1652,Medium,Semi-Liquid,235261,439611,442869,0.0074,Bullish
2024-05-31,May,Q2,2024,Commodities,ETFs,North America,135138,103531,31607,0.2339,1071116,0.1719,High,Semi-Liquid,1255241,133553,135138,0.0119,Bearish
2024-06-30,Jun,Q2,2024,Cash,T-Bills,Asia-Pacific,260955,198767,62188,0.2383,1852165,-0.0074,Medium,Semi-Liquid,1838459,245630,260955,0.0624,Bearish
2024-07-31,Jul,Q3,2024,Commodities,ETFs,Europe,81912,53647,28265,0.3451,1738743,0.0199,Medium,Semi-Liquid,1773344,86708,81912,-0.0553,Bullish
2024-08-31,Aug,Q3,2024,Cash,T-Bills,North America,54822,39103,15719,0.2867,1953980,0.0569,Low,Liquid,2065161,52473,54822,0.0448,Bullish
2024-09-30,Sep,Q3,2024,Equity,Stocks,Europe,277484,194885,82599,0.2977,362906,0.1183,Low,Illiquid,405838,256670,277484,0.0811,Neutral
2024-10-31,Oct,Q4,2024,Equity,Stocks,North America,234819,186749,48070,0.2047,1800608,0.206,Medium,Liquid,2171533,247045,234819,-0.0495,Bearish
2024-11-30,Nov,Q4,2024,Real Estate,REITs,North America,280794,181465,99329,0.3537,1232495,0.1196,Low,Illiquid,1379901,275341,280794,0.0198,Neutral
2024-12-31,Dec,Q4,2024,Commodities,Mutual Funds,Asia-Pacific,148836,81870,66966,0.4499,1838503,0.1044,Low,Liquid,2030443,159655,148836,-0.0678,Bearish
2025-01-31,Jan,Q1,2025,Cash,T-Bills,Asia-Pacific,154329,117548,36781,0.2383,684635,0.0442,Low,Semi-Liquid,714896,134560,154329,0.1469,Neutral
2025-02-28,Feb,Q1,2025,Real Estate,REITs,North America,463028,269672,193356,0.4176,542010,0.1751,Medium,Liquid,636916,431705,463028,0.0726,Neutral
2025-03-31,Mar,Q1,2025,Equity,Stocks,Europe,354014,248754,105260,0.2973,1736747,0.2098,Medium,Liquid,2101117,301964,354014,0.1724,Bearish
2025-04-30,Apr,Q2,2025,Fixed Income,T-Bills,Europe,494103,383607,110496,0.2236,572349,0.0738,Low,Illiquid,614588,567053,494103,-0.1286,Bearish
2025-05-31,May,Q2,2025,Commodities,Mutual Funds,Asia-Pacific,53142,35661,17481,0.3289,546033,0.1019,Low,Semi-Liquid,601674,50549,53142,0.0513,Bullish
2025-06-30,Jun,Q2,2025,Real Estate,REITs,North America,80684,48906,31778,0.3939,1155544,0.0311,High,Liquid,1191481,78685,80684,0.0254,Bullish
2025-07-31,Jul,Q3,2025,Cash,T-Bills,Asia-Pacific,291669,233918,57751,0.198,744713,0.219,High,Liquid,907805,334875,291669,-0.129,Neutral
2025-08-31,Aug,Q3,2025,Equity,Mutual Funds,Asia-Pacific,59341,46183,13158,0.2217,181205,0.2094,Medium,Illiquid,219149,52552,59341,0.1292,Bullish
2025-09-30,Sep,Q3,2025,Equity,Mutual Funds,North America,248032,172346,75686,0.3051,503343,0.0316,Low,Liquid,519249,273065,248032,-0.0917,Bullish
2025-10-31,Oct,Q4,2025,Real Estate,REITs,North America,322667,226226,96441,0.2989,1768990,0.3286,High,Illiquid,2350280,347306,322667,-0.0709,Neutral
2025-11-30,Nov,Q4,2025,Real Estate,REITs,Europe,423420,316048,107372,0.2536,881288,0.0863,Low,Liquid,957343,374924,423420,0.1293,Bearish
2025-12-31,Dec,Q4,2025,Fixed Income,T-Bills,Asia-Pacific,477868,292918,184950,0.387,595745,0.2409,Medium,Liquid,739260,511516,477868,-0.0658,Bullish
2023-01-31,Jan,Q1,2023,Commodities,ETFs,Asia-Pacific,423118,297216,125902,0.2976,1278459,0.115,High,Liquid,1425482,420346,423118,0.0066,Bearish
2023-02-28,Feb,Q1,2023,Real Estate,REITs,Asia-Pacific,288999,223603,65396,0.2263,1669288,0.0897,Low,Semi-Liquid,1819023,325766,288999,-0.1129,Bearish
2023-03-31,Mar,Q1,2023,Equity,Stocks,Middle East,116828,85161,31667,0.2711,1647329,0.0582,Low,Semi-Liquid,1743204,103940,116828,0.124,Bullish
2023-04-30,Apr,Q2,2023,Fixed Income,Bonds,Europe,391690,299173,92517,0.2362,467004,0.0914,Medium,Liquid,509688,388460,391690,0.0083,Bearish
2023-05-31,May,Q2,2023,Commodities,Mutual Funds,Middle East,82525,59644,22881,0.2773,1721944,0.0925,Low,Illiquid,1881224,79069,82525,0.0437,Bearish
2023-06-30,Jun,Q2,2023,Cash,T-Bills,North America,90392,74415,15977,0.1768,111489,0.0684,Low,Semi-Liquid,119115,80175,90392,0.1274,Bullish
2023-07-31,Jul,Q3,2023,Equity,Stocks,North America,383705,273967,109738,0.286,1780510,0.0754,Low,Semi-Liquid,1914760,387683,383705,-0.0103,Bullish
2023-08-31,Aug,Q3,2023,Fixed Income,T-Bills,Latin America,450606,263367,187239,0.4155,107291,0.1259,High,Semi-Liquid,120799,461843,450606,-0.0243,Bullish
2023-09-30,Sep,Q3,2023,Real Estate,REITs,Latin America,147461,119707,27754,0.1882,265508,0.0687,Low,Illiquid,283748,155929,147461,-0.0543,Bearish
2023-10-31,Oct,Q4,2023,Commodities,ETFs,Europe,459297,331009,128288,0.2793,1548132,0.2653,High,Illiquid,1958851,437506,459297,0.0498,Bullish
2023-11-30,Nov,Q4,2023,Real Estate,REITs,North America,406078,296606,109472,0.2696,744519,0.1451,High,Illiquid,852549,350169,406078,0.1597,Neutral
2023-12-31,Dec,Q4,2023,Equity,Stocks,North America,258892,190483,68409,0.2642,1012559,0.1485,Medium,Semi-Liquid,1162924,237077,258892,0.092,Bearish
2024-01-31,Jan,Q1,2024,Fixed Income,T-Bills,North America,97757,69350,28407,0.2906,851978,0.1339,Medium,Liquid,966058,106719,97757,-0.084,Bullish
2024-02-29,Feb,Q1,2024,Equity,ETFs,Latin America,251027,147362,103665,0.413,491362,-0.0497,Medium,Semi-Liquid,466941,216330,251027,0.1604,Bullish
2024-03-31,Mar,Q1,2024,Equity,Mutual Funds,Middle East,382176,308450,73726,0.1929,1883558,0.0977,Medium,Semi-Liquid,2067582,405206,382176,-0.0568,Bullish
2024-04-30,Apr,Q2,2024,Commodities,Mutual Funds,Asia-Pacific,273764,165223,108541,0.3965,305495,0.1042,Low,Liquid,337328,283138,273764,-0.0331,Bearish
2024-05-31,May,Q2,2024,Cash,T-Bills,Asia-Pacific,441342,254407,186935,0.4236,1575917,0.1048,Low,Illiquid,1741073,399214,441342,0.1055,Bullish
2024-06-30,Jun,Q2,2024,Real Estate,REITs,Europe,335896,204543,131353,0.3911,502317,-0.0376,Medium,Liquid,483430,317966,335896,0.0564,Bearish
2024-07-31,Jul,Q3,2024,Real Estate,REITs,Europe,169287,128465,40822,0.2411,466454,-0.0222,Medium,Illiquid,456099,170923,169287,-0.0096,Bullish
2024-08-31,Aug,Q3,2024,Fixed Income,T-Bills,North America,267023,151454,115569,0.4328,431721,0.0907,Low,Semi-Liquid,470878,283988,267023,-0.0597,Neutral
2024-09-30,Sep,Q3,2024,Equity,ETFs,Middle East,132703,86060,46643,0.3515,1025703,0.0225,Low,Liquid,1048781,122703,132703,0.0815,Neutral
2024-10-31,Oct,Q4,2024,Fixed Income,T-Bills,Europe,415916,260881,155035,0.3728,1571397,0.0586,Low,Liquid,1663481,416750,415916,-0.002,Neutral
2024-11-30,Nov,Q4,2024,Fixed Income,Bonds,Middle East,465190,325964,139226,0.2993,722980,0.0937,Low,Semi-Liquid,790723,400535,465190,0.1614,Neutral
2024-12-31,Dec,Q4,2024,Commodities,Mutual Funds,Latin America,298767,230708,68059,0.2278,1021534,-0.0616,High,Semi-Liquid,958608,341114,298767,-0.1241,Bullish
2025-01-31,Jan,Q1,2025,Cash,T-Bills,North America,83703,48702,35001,0.4182,1691198,0.044,Low,Liquid,1765611,76043,83703,0.1007,Bearish
2025-02-28,Feb,Q1,2025,Equity,ETFs,Europe,231038,156525,74513,0.3225,827478,0.1657,Medium,Illiquid,964591,234332,231038,-0.0141,Neutral
2025-03-31,Mar,Q1,2025,Equity,Stocks,Europe,327521,264715,62806,0.1918,757774,0.0854,Low,Liquid,822488,312802,327521,0.0471,Bullish
2025-04-30,Apr,Q2,2025,Cash,T-Bills,Latin America,484823,407747,77076,0.159,1743635,0.0801,Low,Illiquid,1883300,514038,484823,-0.0568,Neutral
2025-05-31,May,Q2,2025,Commodities,Mutual Funds,Asia-Pacific,390999,248118,142881,0.3654,704275,0.2274,Medium,Semi-Liquid,864427,338944,390999,0.1536,Bearish
2025-06-30,Jun,Q2,2025,Fixed Income,Bonds,Middle East,204474,164727,39747,0.1944,1162514,0.0715,Low,Semi-Liquid,1245634,179911,204474,0.1365,Bullish
2025-07-31,Jul,Q3,2025,Real Estate,REITs,Latin America,362713,200640,162073,0.4468,848771,0.2829,High,Liquid,1088888,345940,362713,0.0485,Neutral
2025-08-31,Aug,Q3,2025,Commodities,ETFs,Middle East,330577,194838,135739,0.4106,688414,0.0105,Medium,Illiquid,695642,371122,330577,-0.1092,Neutral
2025-09-30,Sep,Q3,2025,Commodities,Mutual Funds,Asia-Pacific,144067,109309,34758,0.2413,1893997,0.1196,Low,Liquid,2120519,141918,144067,0.0151,Bullish
2025-10-31,Oct,Q4,2025,Cash,T-Bills,Middle East,108659,66397,42262,0.3889,1561216,0.0777,Medium,Illiquid,1682522,110791,108659,-0.0192,Bullish
2025-11-30,Nov,Q4,2025,Cash,T-Bills,Europe,448357,258259,190098,0.424,1122890,0.1113,Low,Semi-Liquid,1247868,433289,448357,0.0348,Neutral
2025-12-31,Dec,Q4,2025,Real Estate,REITs,Middle East,473600,356614,116986,0.247,790467,0.3222,High,Semi-Liquid,1045155,441713,473600,0.0722,Neutral
2023-01-31,Jan,Q1,2023,Equity,Mutual Funds,North America,409099,315646,93453,0.2284,221210,0.0743,High,Illiquid,237646,382438,409099,0.0697,Bullish
2023-02-28,Feb,Q1,2023,Commodities,Mutual Funds,Latin America,157557,116381,41176,0.2613,1316723,0.2827,High,Liquid,1688961,168942,157557,-0.0674,Bearish
2023-03-31,Mar,Q1,2023,Equity,Mutual Funds,Europe,250058,193223,56835,0.2273,533829,-0.0737,High,Liquid,494486,235049,250058,0.0639,Bearish
2023-04-30,Apr,Q2,2023,Fixed Income,Bonds,Europe,312488,254772,57716,0.1847,388312,0.0798,Low,Illiquid,419299,327932,312488,-0.0471,Bullish
2023-05-31,May,Q2,2023,Commodities,ETFs,Asia-Pacific,470290,277150,193140,0.4107,1615049,0.1024,Medium,Illiquid,1780430,505608,470290,-0.0699,Bullish
2023-06-30,Jun,Q2,2023,Real Estate,REITs,Asia-Pacific,311932,246221,65711,0.2107,1742296,0.0871,Medium,Liquid,1894050,309603,311932,0.0075,Neutral
2023-07-31,Jul,Q3,2023,Commodities,Mutual Funds,Latin America,438332,304276,134056,0.3058,230632,0.1474,High,Liquid,264627,427439,438332,0.0255,Bullish
2023-08-31,Aug,Q3,2023,Commodities,ETFs,Europe,420216,270373,149843,0.3566,863224,0.1262,High,Liquid,972163,463009,420216,-0.0924,Bullish
2023-09-30,Sep,Q3,2023,Real Estate,REITs,Middle East,371921,313149,58772,0.158,482672,0.021,Low,Semi-Liquid,492808,324535,371921,0.146,Bearish
2023-10-31,Oct,Q4,2023,Real Estate,REITs,Europe,268354,162019,106335,0.3962,1793166,0.1072,High,Illiquid,1985393,285234,268354,-0.0592,Neutral
2023-11-30,Nov,Q4,2023,Commodities,Mutual Funds,Asia-Pacific,176821,107028,69793,0.3947,174788,-0.0434,Medium,Liquid,167202,191381,176821,-0.0761,Neutral
2023-12-31,Dec,Q4,2023,Equity,ETFs,Latin America,180615,129786,50829,0.2814,312676,0.1329,Medium,Semi-Liquid,354231,184323,180615,-0.0201,Bearish
2024-01-31,Jan,Q1,2024,Real Estate,REITs,North America,458989,360562,98427,0.2144,1026072,0.3254,High,Semi-Liquid,1359956,398022,458989,0.1532,Bearish
2024-02-29,Feb,Q1,2024,Commodities,Mutual Funds,North America,177148,112259,64889,0.3663,869440,0.3495,High,Liquid,1173309,153497,177148,0.1541,Bearish
2024-03-31,Mar,Q1,2024,Cash,T-Bills,Asia-Pacific,210990,120089,90901,0.4308,241236,0.0315,Low,Illiquid,248835,234390,210990,-0.0998,Neutral
2024-04-30,Apr,Q2,2024,Real Estate,REITs,Middle East,331347,275446,55901,0.1687,1391439,0.1211,Medium,Illiquid,1559942,342301,331347,-0.032,Neutral
2024-05-31,May,Q2,2024,Real Estate,REITs,Latin America,252475,191344,61131,0.2421,1493005,0.3479,High,Illiquid,2012421,236381,252475,0.0681,Bullish
2024-06-30,Jun,Q2,2024,Real Estate,REITs,North America,108151,61356,46795,0.4327,1705523,-0.0734,High,Liquid,1580338,100743,108151,0.0735,Bullish
2024-07-31,Jul,Q3,2024,Cash,T-Bills,Europe,216938,169569,47369,0.2184,423879,0.0585,Low,Illiquid,448676,206978,216938,0.0481,Bearish
2024-08-31,Aug,Q3,2024,Commodities,ETFs,Latin America,408490,266088,142402,0.3486,1440431,0.0063,Medium,Liquid,1449506,439200,408490,-0.0699,Bearish
2024-09-30,Sep,Q3,2024,Fixed Income,Bonds,Asia-Pacific,280788,225596,55192,0.1966,251250,0.0907,Low,Semi-Liquid,274038,293790,280788,-0.0443,Bullish
2024-10-31,Oct,Q4,2024,Equity,Stocks,Europe,346997,231319,115678,0.3334,349684,0.0181,High,Semi-Liquid,356013,355451,346997,-0.0238,Neutral
2024-11-30,Nov,Q4,2024,Equity,ETFs,Asia-Pacific,360555,288889,71666,0.1988,713680,0.3001,High,Liquid,927855,323847,360555,0.1133,Bearish
2024-12-31,Dec,Q4,2024,Commodities,ETFs,Latin America,192035,133907,58128,0.3027,709394,-0.0135,High,Liquid,699817,181058,192035,0.0606,Bullish
2025-01-31,Jan,Q1,2025,Commodities,ETFs,Europe,492503,306573,185930,0.3775,1394436,0.2222,High,Illiquid,1704280,508360,492503,-0.0312,Bearish
2025-02-28,Feb,Q1,2025,Fixed Income,T-Bills,Europe,227938,172357,55581,0.2438,1648108,0.0752,Medium,Semi-Liquid,1772046,214923,227938,0.0606,Bullish
2025-03-31,Mar,Q1,2025,Real Estate,REITs,Europe,206520,152013,54507,0.2639,1135122,0.0326,Low,Liquid,1172127,193492,206520,0.0673,Bullish
2025-04-30,Apr,Q2,2025,Equity,ETFs,Asia-Pacific,279111,165177,113934,0.4082,1745831,0.2115,Medium,Semi-Liquid,2115074,272274,279111,0.0251,Bullish
2025-05-31,May,Q2,2025,Commodities,ETFs,Middle East,170507,115888,54619,0.3203,273826,0.0947,Low,Semi-Liquid,299757,145575,170507,0.1713,Bullish
2025-06-30,Jun,Q2,2025,Equity,Stocks,Asia-Pacific,234132,151908,82224,0.3512,1417417,0.1799,Medium,Semi-Liquid,1672410,220372,234132,0.0624,Bullish
2025-07-31,Jul,Q3,2025,Real Estate,REITs,Asia-Pacific,494316,305264,189052,0.3825,1358404,0.1744,High,Liquid,1595310,555873,494316,-0.1107,Neutral
2025-08-31,Aug,Q3,2025,Equity,Stocks,Middle East,374997,225841,149156,0.3978,1139074,0.0914,Low,Liquid,1243185,368768,374997,0.0169,Bearish
2025-09-30,Sep,Q3,2025,Real Estate,REITs,Middle East,106076,79105,26971,0.2543,200168,0.0839,Medium,Semi-Liquid,216962,107794,106076,-0.0159,Neutral
2025-10-31,Oct,Q4,2025,Equity,Stocks,Asia-Pacific,399145,316277,82868,0.2076,1558753,0.0314,Low,Illiquid,1607698,416377,399145,-0.0414,Bullish
2025-11-30,Nov,Q4,2025,Cash,T-Bills,Middle East,287918,161324,126594,0.4397,1314030,-0.0633,High,Liquid,1230852,282305,287918,0.0199,Bearish
2025-12-31,Dec,Q4,2025,Fixed Income,Bonds,Europe,96447,69973,26474,0.2745,1028231,0.1073,Medium,Semi-Liquid,1138560,101277,96447,-0.0477,Bullish
2023-01-31,Jan,Q1,2023,Real Estate,REITs,Middle East,384034,285311,98723,0.2571,699912,0.1365,Medium,Liquid,795450,351759,384034,0.0918,Bullish
2023-02-28,Feb,Q1,2023,Fixed Income,Bonds,Middle East,324669,259895,64774,0.1995,1449668,0.0313,Low,Liquid,1495043,347648,324669,-0.0661,Neutral
2023-03-31,Mar,Q1,2023,Cash,T-Bills,Middle East,168598,106847,61751,0.3663,1868277,0.0225,Low,Illiquid,1910313,178546,168598,-0.0557,Neutral
2023-04-30,Apr,Q2,2023,Real Estate,REITs,North America,59741,34502,25239,0.4225,1393811,0.2957,High,Illiquid,1805961,59996,59741,-0.0043,Bullish
2023-05-31,May,Q2,2023,Real Estate,REITs,Latin America,314765,193203,121562,0.3862,284335,-0.0711,High,Liquid,264119,323518,314765,-0.0271,Neutral
2023-06-30,Jun,Q2,2023,Fixed Income,Bonds,North America,338489,217816,120673,0.3565,1098105,-0.0302,Medium,Semi-Liquid,1064942,386477,338489,-0.1242,Neutral
2023-07-31,Jul,Q3,2023,Equity,Mutual Funds,Europe,348004,266083,81921,0.2354,609472,0.0447,Medium,Semi-Liquid,636715,308880,348004,0.1267,Neutral
2023-08-31,Aug,Q3,2023,Real Estate,REITs,North America,450874,308719,142155,0.3153,972677,0.0277,Low,Illiquid,999620,473972,450874,-0.0487,Neutral
2023-09-30,Sep,Q3,2023,Fixed Income,T-Bills,Asia-Pacific,159431,114020,45411,0.2848,465737,0.0302,Low,Liquid,479802,179095,159431,-0.1098,Neutral
2023-10-31,Oct,Q4,2023,Cash,T-Bills,Latin America,204078,145700,58378,0.2861,273571,0.177,Medium,Semi-Liquid,321993,209125,204078,-0.0241,Bearish
2023-11-30,Nov,Q4,2023,Commodities,Mutual Funds,Middle East,228466,134215,94251,0.4125,1098346,0.0309,Low,Semi-Liquid,1132285,208100,228466,0.0979,Neutral
2023-12-31,Dec,Q4,2023,Cash,T-Bills,North America,173396,96752,76644,0.442,1496934,0.1377,Medium,Liquid,1703062,177597,173396,-0.0237,Bearish
2024-01-31,Jan,Q1,2024,Cash,T-Bills,Middle East,106750,62871,43879,0.411,1384772,0.2864,High,Semi-Liquid,1781371,121569,106750,-0.1219,Bullish
2024-02-29,Feb,Q1,2024,Fixed Income,T-Bills,Latin America,310440,228324,82116,0.2645,1584778,0.0903,Low,Liquid,1727883,341589,310440,-0.0912,Neutral
2024-03-31,Mar,Q1,2024,Commodities,Mutual Funds,Middle East,244395,136838,107557,0.4401,1912480,0.013,Medium,Liquid,1937342,265579,244395,-0.0798,Bullish
2024-04-30,Apr,Q2,2024,Real Estate,REITs,Latin America,114908,89363,25545,0.2223,1051177,0.1112,Low,Liquid,1168068,102726,114908,0.1186,Bullish
2024-05-31,May,Q2,2024,Equity,Mutual Funds,North America,189258,129527,59731,0.3156,870396,0.2452,Medium,Liquid,1083817,177462,189258,0.0665,Neutral
2024-06-30,Jun,Q2,2024,Equity,ETFs,Europe,166533,135495,31038,0.1864,473668,0.2342,Medium,Illiquid,584601,151826,166533,0.0969,Bearish
2024-07-31,Jul,Q3,2024,Commodities,Mutual Funds,Europe,134736,86382,48354,0.3589,276733,-0.0068,Medium,Liquid,274851,118756,134736,0.1346,Bullish
2024-08-31,Aug,Q3,2024,Fixed Income,Bonds,North America,339543,206834,132709,0.3908,285459,0.0367,Low,Illiquid,295935,382706,339543,-0.1128,Bullish
2024-09-30,Sep,Q3,2024,Cash,T-Bills,Europe,153227,94310,58917,0.3845,203917,-0.0447,Medium,Liquid,194802,134967,153227,0.1353,Bullish
2024-10-31,Oct,Q4,2024,Fixed Income,Bonds,North America,241153,157358,83795,0.3475,448505,-0.0969,High,Illiquid,405045,238767,241153,0.01,Bullish
2024-11-30,Nov,Q4,2024,Equity,Mutual Funds,Europe,173761,107225,66536,0.3829,1728484,0.1951,Medium,Illiquid,2065711,171068,173761,0.0157,Neutral
2024-12-31,Dec,Q4,2024,Cash,T-Bills,Latin America,252174,209846,42328,0.1679,1910385,0.0439,Low,Liquid,1994251,261563,252174,-0.0359,Bullish
